Player,Team,POS1,POS2,Cost,PTS,MP,Average Points,TOG,T,TS,G,FG,TA,LB,LBA,TCK,TB,MT,OFG,OFH,ER,TO,FTF,MG,KM,KD,PC,SB,SO,FGO,SAI,EFIG
J. Tapine,CAN,MID,,$717K,,,53.7,-,-,-,-,-,-,-,-,-,-,-,-,-,-,-,-,-,-,-,-,-,-,,-,-
H. Young,CAN,EDG,,$713K,,,53.4,-,-,-,-,-,-,-,-,-,-,-,-,-,-,-,-,-,-,-,-,-,-,,-,-
M. Barnett,WAR,MID,EDG,$712K,,,53.3,-,-,-,-,-,-,-,-,-,-,-,-,-,-,-,-,-,-,-,-,-,-,,-,-
J. Fogarty,CAN,HLF,,$705K,,,52.8,-,-,-,-,-,-,-,-,-,-,-,-,-,-,-,-,-,-,-,-,-,-,,-,-
M. Smithies,CAN,MID,,$600K,,,45,-,-,-,-,-,-,-,-,-,-,-,-,-,-,-,-,-,-,-,-,-,-,,-,-
J. Fisher-Harris,WAR,MID,,$600K,,,44.9,-,-,-,-,-,-,-,-,-,-,-,-,-,-,-,-,-,-,-,-,-,-,,-,-
C. Nicoll-Klokstad,WAR,WFB,,$594K,,,44.5,-,-,-,-,-,-,-,-,-,-,-,-,-,-,-,-,-,-,-,-,-,-,,-,-
K. Weekes,CAN,HLF,WFB,$550K,,,42.6,-,-,-,-,-,-,-,-,-,-,-,-,-,-,-,-,-,-,-,-,-,-,,-,-
D. Walker,WAR,MID,,$568K,,,42.5,-,-,-,-,-,-,-,-,-,-,-,-,-,-,-,-,-,-,-,-,-,-,,-,-
W. Egan,WAR,HOK,,$553K,,,41.4,-,-,-,-,-,-,-,-,-,-,-,-,-,-,-,-,-,-,-,-,-,-,,-,-
A. Leiataua,WAR,CTR,WFB,$500K,,,41,-,-,-,-,-,-,-,-,-,-,-,-,-,-,-,-,-,-,-,-,-,-,,-,-
C. Horsburgh,CAN,MID,,$550K,,,40.6,-,-,-,-,-,-,-,-,-,-,-,-,-,-,-,-,-,-,-,-,-,-,,-,-
K. Capewell,WAR,EDG,,$550K,,,39.6,-,-,-,-,-,-,-,-,-,-,-,-,-,-,-,-,-,-,-,-,-,-,,-,-
R. Tuivasa-Sheck,WAR,CTR,WFB,$510K,,,38.2,-,-,-,-,-,-,-,-,-,-,-,-,-,-,-,-,-,-,-,-,-,-,,-,-
M. Timoko,CAN,CTR,,$510K,,,38.2,-,-,-,-,-,-,-,-,-,-,-,-,-,-,-,-,-,-,-,-,-,-,,-,-
J. Papalii,CAN,MID,,$501K,,,37.5,-,-,-,-,-,-,-,-,-,-,-,-,-,-,-,-,-,-,-,-,-,-,,-,-
T. Boyd,WAR,HLF,,$497K,,,37.2,-,-,-,-,-,-,-,-,-,-,-,-,-,-,-,-,-,-,-,-,-,-,,-,-
E. Clark,WAR,HOK,MID,$482K,,,36.1,-,-,-,-,-,-,-,-,-,-,-,-,-,-,-,-,-,-,-,-,-,-,,-,-
E. Strange,CAN,HLF,,$482K,,,36.1,-,-,-,-,-,-,-,-,-,-,-,-,-,-,-,-,-,-,-,-,-,-,,-,-
T. Tuaupiki,WAR,WFB,,$450K,,,35.8,-,-,-,-,-,-,-,-,-,-,-,-,-,-,-,-,-,-,-,-,-,-,,-,-
M. Niukore,WAR,MID,EDG,$455K,,,34.1,-,-,-,-,-,-,-,-,-,-,-,-,-,-,-,-,-,-,-,-,-,-,,-,-
E. Sanders,CAN,HLF,,$350K,,,34,-,-,-,-,-,-,-,-,-,-,-,-,-,-,-,-,-,-,-,-,-,-,,-,-
L. Metcalf,WAR,HLF,,$441K,,,33,-,-,-,-,-,-,-,-,-,-,-,-,-,-,-,-,-,-,-,-,-,-,,-,-
T. Starling,CAN,HOK,,$450K,,,30.7,-,-,-,-,-,-,-,-,-,-,-,-,-,-,-,-,-,-,-,-,-,-,,-,-
S. Kris,CAN,CTR,WFB,$410K,,,30.7,-,-,-,-,-,-,-,-,-,-,-,-,-,-,-,-,-,-,-,-,-,-,,-,-
A. Mariota,CAN,MID,EDG,$405K,,,30.3,-,-,-,-,-,-,-,-,-,-,-,-,-,-,-,-,-,-,-,-,-,-,,-,-
A. Hopoate,CAN,CTR,WFB,$402K,,,30.1,-,-,-,-,-,-,-,-,-,-,-,-,-,-,-,-,-,-,-,-,-,-,,-,-
S. Tamale,CAN,CTR,,$300K,,,30,-,-,-,-,-,-,-,-,-,-,-,-,-,-,-,-,-,-,-,-,-,-,,-,-
S. Sasagi,CAN,EDG,CTR,$384K,,,28.8,-,-,-,-,-,-,-,-,-,-,-,-,-,-,-,-,-,-,-,-,-,-,,-,-
X. Savage,CAN,WFB,,$379K,,,28.4,-,-,-,-,-,-,-,-,-,-,-,-,-,-,-,-,-,-,-,-,-,-,,-,-
T. Mooney,CAN,MID,,$361K,,,27.1,-,-,-,-,-,-,-,-,-,-,-,-,-,-,-,-,-,-,-,-,-,-,,-,-
C. Harris-Tavita,WAR,HLF,,$353K,,,26.4,-,-,-,-,-,-,-,-,-,-,-,-,-,-,-,-,-,-,-,-,-,-,,-,-
C. Stewart,CAN,WFB,,$300K,,,26,-,-,-,-,-,-,-,-,-,-,-,-,-,-,-,-,-,-,-,-,-,-,,-,-
E. Kosi,WAR,WFB,,$300K,,,25.2,-,-,-,-,-,-,-,-,-,-,-,-,-,-,-,-,-,-,-,-,-,-,,-,-
D. Levi,CAN,HOK,,$314K,,,23.5,-,-,-,-,-,-,-,-,-,-,-,-,-,-,-,-,-,-,-,-,-,-,,-,-
F. Lussick,WAR,HOK,,$301K,,,22.6,-,-,-,-,-,-,-,-,-,-,-,-,-,-,-,-,-,-,-,-,-,-,,-,-
D. Vaimauga,WAR,EDG,,$297K,,,22.3,-,-,-,-,-,-,-,-,-,-,-,-,-,-,-,-,-,-,-,-,-,-,,-,-
B. Afoa,WAR,MID,,$286K,,,21.4,-,-,-,-,-,-,-,-,-,-,-,-,-,-,-,-,-,-,-,-,-,-,,-,-
J. Laban,WAR,EDG,,$284K,,,21.3,-,-,-,-,-,-,-,-,-,-,-,-,-,-,-,-,-,-,-,-,-,-,,-,-
T. Ale,WAR,MID,,$256K,,,19.2,-,-,-,-,-,-,-,-,-,-,-,-,-,-,-,-,-,-,-,-,-,-,,-,-
L. Halasima,WAR,EDG,,$250K,,,16.8,-,-,-,-,-,-,-,-,-,-,-,-,-,-,-,-,-,-,-,-,-,-,,-,-
P. Hola,CAN,MID,,$250K,,,13,-,-,-,-,-,-,-,-,-,-,-,-,-,-,-,-,-,-,-,-,-,-,,-,-
J. Martin,CAN,EDG,,$250K,,,6,-,-,-,-,-,-,-,-,-,-,-,-,-,-,-,-,-,-,-,-,-,-,,-,-
S. Healey,WAR,HOK,,$230K,,,0,-,-,-,-,-,-,-,-,-,-,-,-,-,-,-,-,-,-,-,-,-,-,,-,-
M. Martin,CAN,MID,,$230K,,,0,-,-,-,-,-,-,-,-,-,-,-,-,-,-,-,-,-,-,-,-,-,-,,-,-
M. Asomua,CAN,WFB,,$230K,,,0,-,-,-,-,-,-,-,-,-,-,-,-,-,-,-,-,-,-,-,-,-,-,,-,-
V. Patuki-Case,CAN,MID,,$230K,,,0,-,-,-,-,-,-,-,-,-,-,-,-,-,-,-,-,-,-,-,-,-,-,,-,-
M. Nicholson,CAN,EDG,,$450K,,,0,-,-,-,-,-,-,-,-,-,-,-,-,-,-,-,-,-,-,-,-,-,-,,-,-
I. Yeo,PEN,MID,,$865K,,,64.8,-,-,-,-,-,-,-,-,-,-,-,-,-,-,-,-,-,-,-,-,-,-,,-,-
N. Cleary,PEN,HLF,,$880K,,,64.5,-,-,-,-,-,-,-,-,-,-,-,-,-,-,-,-,-,-,-,-,-,-,,-,-
N. Hynes,CRO,HLF,,$825K,,,61,-,-,-,-,-,-,-,-,-,-,-,-,-,-,-,-,-,-,-,-,-,-,,-,-
A. Fonua-Blake,CRO,MID,,$780K,,,57.8,-,-,-,-,-,-,-,-,-,-,-,-,-,-,-,-,-,-,-,-,-,-,,-,-
D. Edwards,PEN,WFB,,$730K,,,54.7,-,-,-,-,-,-,-,-,-,-,-,-,-,-,-,-,-,-,-,-,-,-,,-,-
S. Luke,PEN,HOK,,$350K,,,54,-,-,-,-,-,-,-,-,-,-,-,-,-,-,-,-,-,-,-,-,-,-,,-,-
C. McInnes,CRO,MID,,$700K,,,52.3,-,-,-,-,-,-,-,-,-,-,-,-,-,-,-,-,-,-,-,-,-,-,,-,-
B. Nikora,CRO,EDG,,$692K,,,51.8,-,-,-,-,-,-,-,-,-,-,-,-,-,-,-,-,-,-,-,-,-,-,,-,-
B. To'o,PEN,WFB,,$634K,,,47.5,-,-,-,-,-,-,-,-,-,-,-,-,-,-,-,-,-,-,-,-,-,-,,-,-
I. Papali'i,PEN,EDG,,$622K,,,46.6,-,-,-,-,-,-,-,-,-,-,-,-,-,-,-,-,-,-,-,-,-,-,,-,-
K. Iro,CRO,CTR,,$619K,,,46.4,-,-,-,-,-,-,-,-,-,-,-,-,-,-,-,-,-,-,-,-,-,-,,-,-
L. Smith,PEN,MID,,$600K,,,44.8,-,-,-,-,-,-,-,-,-,-,-,-,-,-,-,-,-,-,-,-,-,-,,-,-
T. Wilton,CRO,EDG,,$598K,,,44.8,-,-,-,-,-,-,-,-,-,-,-,-,-,-,-,-,-,-,-,-,-,-,,-,-
J. Ramien,CRO,CTR,,$585K,,,43.8,-,-,-,-,-,-,-,-,-,-,-,-,-,-,-,-,-,-,-,-,-,-,,-,-
B. Schneider,PEN,HLF,,$550K,,,43.8,-,-,-,-,-,-,-,-,-,-,-,-,-,-,-,-,-,-,-,-,-,-,,-,-
B. Brailey,CRO,HOK,,$582K,,,43.6,-,-,-,-,-,-,-,-,-,-,-,-,-,-,-,-,-,-,-,-,-,-,,-,-
L. Ison,CRO,WFB,,$350K,,,42,-,-,-,-,-,-,-,-,-,-,-,-,-,-,-,-,-,-,-,-,-,-,,-,-
R. Mulitalo,CRO,WFB,,$555K,,,41.6,-,-,-,-,-,-,-,-,-,-,-,-,-,-,-,-,-,-,-,-,-,-,,-,-
L. Garner,PEN,EDG,,$547K,,,41,-,-,-,-,-,-,-,-,-,-,-,-,-,-,-,-,-,-,-,-,-,-,,-,-
T. Hazelton,CRO,MID,,$545K,,,40.8,-,-,-,-,-,-,-,-,-,-,-,-,-,-,-,-,-,-,-,-,-,-,,-,-
L. Henry,PEN,MID,EDG,$542K,,,40.6,-,-,-,-,-,-,-,-,-,-,-,-,-,-,-,-,-,-,-,-,-,-,,-,-
S. Stonestreet,CRO,WFB,,$450K,,,40,-,-,-,-,-,-,-,-,-,-,-,-,-,-,-,-,-,-,-,-,-,-,,-,-
T. Rudolf,CRO,MID,,$525K,,,38.7,-,-,-,-,-,-,-,-,-,-,-,-,-,-,-,-,-,-,-,-,-,-,,-,-
M. Kenny,PEN,HOK,,$511K,,,38.3,-,-,-,-,-,-,-,-,-,-,-,-,-,-,-,-,-,-,-,-,-,-,,-,-
B. Trindall,CRO,HLF,,$510K,,,38.2,-,-,-,-,-,-,-,-,-,-,-,-,-,-,-,-,-,-,-,-,-,-,,-,-
P. Alamoti,PEN,CTR,,$505K,,,37.8,-,-,-,-,-,-,-,-,-,-,-,-,-,-,-,-,-,-,-,-,-,-,,-,-
S. Sorensen,PEN,MID,EDG,$504K,,,37.7,-,-,-,-,-,-,-,-,-,-,-,-,-,-,-,-,-,-,-,-,-,-,,-,-
I. Tago,PEN,CTR,,$500K,,,37.2,-,-,-,-,-,-,-,-,-,-,-,-,-,-,-,-,-,-,-,-,-,-,,-,-
L. Martin,PEN,EDG,,$525K,,,37.1,-,-,-,-,-,-,-,-,-,-,-,-,-,-,-,-,-,-,-,-,-,-,,-,-
O. Kaufusi,CRO,MID,,$493K,,,37,-,-,-,-,-,-,-,-,-,-,-,-,-,-,-,-,-,-,-,-,-,-,,-,-
S. Katoa,CRO,WFB,,$491K,,,36.8,-,-,-,-,-,-,-,-,-,-,-,-,-,-,-,-,-,-,-,-,-,-,,-,-
A. Kepaoa,PEN,CTR,,$400K,,,35.5,-,-,-,-,-,-,-,-,-,-,-,-,-,-,-,-,-,-,-,-,-,-,,-,-
B. Talagi,PEN,WFB,,$458K,,,34.3,-,-,-,-,-,-,-,-,-,-,-,-,-,-,-,-,-,-,-,-,-,-,,-,-
M. Hiroti,CRO,WFB,,$350K,,,34,-,-,-,-,-,-,-,-,-,-,-,-,-,-,-,-,-,-,-,-,-,-,,-,-
D. Atkinson,CRO,HLF,WFB,$449K,,,33.6,-,-,-,-,-,-,-,-,-,-,-,-,-,-,-,-,-,-,-,-,-,-,,-,-
C. McLean,PEN,CTR,,$446K,,,33.4,-,-,-,-,-,-,-,-,-,-,-,-,-,-,-,-,-,-,-,-,-,-,,-,-
J. Cole,PEN,HLF,,$250K,,,33.1,-,-,-,-,-,-,-,-,-,-,-,-,-,-,-,-,-,-,-,-,-,-,,-,-
L. Sommerton,PEN,HOK,,$350K,,,33,-,-,-,-,-,-,-,-,-,-,-,-,-,-,-,-,-,-,-,-,-,-,,-,-
M. Leota,PEN,MID,,$407K,,,30.5,-,-,-,-,-,-,-,-,-,-,-,-,-,-,-,-,-,-,-,-,-,-,,-,-
S. Talakai,CRO,EDG,CTR,$403K,,,30.2,-,-,-,-,-,-,-,-,-,-,-,-,-,-,-,-,-,-,-,-,-,-,,-,-
D. Laurie,PEN,WFB,,$402K,,,30.1,-,-,-,-,-,-,-,-,-,-,-,-,-,-,-,-,-,-,-,-,-,-,,-,-
J. McLean,PEN,CTR,WFB,$250K,,,29,-,-,-,-,-,-,-,-,-,-,-,-,-,-,-,-,-,-,-,-,-,-,,-,-
W. Kennedy,CRO,WFB,,$385K,,,28.9,-,-,-,-,-,-,-,-,-,-,-,-,-,-,-,-,-,-,-,-,-,-,,-,-
M. Eisenhuth,PEN,MID,,$346K,,,25.9,-,-,-,-,-,-,-,-,-,-,-,-,-,-,-,-,-,-,-,-,-,-,,-,-
B. Hamlin-Uele,CRO,MID,,$303K,,,22.7,-,-,-,-,-,-,-,-,-,-,-,-,-,-,-,-,-,-,-,-,-,-,,-,-
L. Patea,PEN,MID,,$250K,,,21.7,-,-,-,-,-,-,-,-,-,-,-,-,-,-,-,-,-,-,-,-,-,-,,-,-
M. Geyer,PEN,EDG,,$275K,,,20.6,-,-,-,-,-,-,-,-,-,-,-,-,-,-,-,-,-,-,-,-,-,-,,-,-
B. Burns,CRO,EDG,,$300K,,,20.3,-,-,-,-,-,-,-,-,-,-,-,-,-,-,-,-,-,-,-,-,-,-,,-,-
T. Hau Tapuha,CRO,MID,,$250K,,,18.2,-,-,-,-,-,-,-,-,-,-,-,-,-,-,-,-,-,-,-,-,-,-,,-,-
P. Riki,PEN,EDG,,$250K,,,18,-,-,-,-,-,-,-,-,-,-,-,-,-,-,-,-,-,-,-,-,-,-,,-,-
J. Berrell,CRO,HOK,,$250K,,,10.3,-,-,-,-,-,-,-,-,-,-,-,-,-,-,-,-,-,-,-,-,-,-,,-,-
H. Puru,CRO,MID,,$250K,,,0,-,-,-,-,-,-,-,-,-,-,-,-,-,-,-,-,-,-,-,-,-,-,,-,-
N. Puru,CRO,HLF,,$230K,,,0,-,-,-,-,-,-,-,-,-,-,-,-,-,-,-,-,-,-,-,-,-,-,,-,-
R. Price,PEN,MID,,$230K,,,0,-,-,-,-,-,-,-,-,-,-,-,-,-,-,-,-,-,-,-,-,-,-,,-,-
H. Hassett,PEN,EDG,,$230K,,,0,-,-,-,-,-,-,-,-,-,-,-,-,-,-,-,-,-,-,-,-,-,-,,-,-
M. Gabrael,CRO,CTR,,$230K,,,0,-,-,-,-,-,-,-,-,-,-,-,-,-,-,-,-,-,-,-,-,-,-,,-,-
P. Haas,BRI,MID,,$825K,,,60.9,-,-,-,-,-,-,-,-,-,-,-,-,-,-,-,-,-,-,-,-,-,-,,-,-
P. Carrigan,BRI,MID,,$770K,,,57.4,-,-,-,-,-,-,-,-,-,-,-,-,-,-,-,-,-,-,-,-,-,-,,-,-
J. Tedesco,SYD,WFB,,$737K,,,55.2,-,-,-,-,-,-,-,-,-,-,-,-,-,-,-,-,-,-,-,-,-,-,,-,-
A. Crichton,SYD,EDG,,$728K,,,54.5,-,-,-,-,-,-,-,-,-,-,-,-,-,-,-,-,-,-,-,-,-,-,,-,-
B. Hunt,BRI,HLF,,$681K,,,51,-,-,-,-,-,-,-,-,-,-,-,-,-,-,-,-,-,-,-,-,-,-,,-,-
R. Walsh,BRI,WFB,,$700K,,,50.1,-,-,-,-,-,-,-,-,-,-,-,-,-,-,-,-,-,-,-,-,-,-,,-,-
C. Watson,SYD,MID,,$663K,,,49.7,-,-,-,-,-,-,-,-,-,-,-,-,-,-,-,-,-,-,-,-,-,-,,-,-
N. Butcher,SYD,MID,EDG,$638K,,,47.8,-,-,-,-,-,-,-,-,-,-,-,-,-,-,-,-,-,-,-,-,-,-,,-,-
C. Jensen,BRI,MID,,$624K,,,46.8,-,-,-,-,-,-,-,-,-,-,-,-,-,-,-,-,-,-,-,-,-,-,,-,-
A. Reynolds,BRI,HLF,,$622K,,,46.6,-,-,-,-,-,-,-,-,-,-,-,-,-,-,-,-,-,-,-,-,-,-,,-,-
V. Radley,SYD,MID,EDG,$598K,,,44.8,-,-,-,-,-,-,-,-,-,-,-,-,-,-,-,-,-,-,-,-,-,-,,-,-
D. Young,SYD,WFB,,$580K,,,43.5,-,-,-,-,-,-,-,-,-,-,-,-,-,-,-,-,-,-,-,-,-,-,,-,-
M. Nawaqanitawase,SYD,WFB,,$350K,,,43,-,-,-,-,-,-,-,-,-,-,-,-,-,-,-,-,-,-,-,-,-,-,,-,-
S. Cobbo,BRI,CTR,WFB,$549K,,,41.2,-,-,-,-,-,-,-,-,-,-,-,-,-,-,-,-,-,-,-,-,-,-,,-,-
D. Tupou,SYD,WFB,,$542K,,,40.6,-,-,-,-,-,-,-,-,-,-,-,-,-,-,-,-,-,-,-,-,-,-,,-,-
J. Riki,BRI,EDG,,$541K,,,40.5,-,-,-,-,-,-,-,-,-,-,-,-,-,-,-,-,-,-,-,-,-,-,,-,-
J. Madden,BRI,HLF,,$450K,,,38,-,-,-,-,-,-,-,-,-,-,-,-,-,-,-,-,-,-,-,-,-,-,,-,-
K. Staggs,BRI,CTR,,$525K,,,37.3,-,-,-,-,-,-,-,-,-,-,-,-,-,-,-,-,-,-,-,-,-,-,,-,-
L. Collins,SYD,MID,,$525K,,,36.6,-,-,-,-,-,-,-,-,-,-,-,-,-,-,-,-,-,-,-,-,-,-,,-,-
C. Townsend,SYD,HLF,,$450K,,,36.4,-,-,-,-,-,-,-,-,-,-,-,-,-,-,-,-,-,-,-,-,-,-,,-,-
D. Mariner,BRI,CTR,WFB,$486K,,,36.4,-,-,-,-,-,-,-,-,-,-,-,-,-,-,-,-,-,-,-,-,-,-,,-,-
X. Willison,BRI,MID,EDG,$485K,,,36.3,-,-,-,-,-,-,-,-,-,-,-,-,-,-,-,-,-,-,-,-,-,-,,-,-
S. Leniu,SYD,MID,,$459K,,,34.4,-,-,-,-,-,-,-,-,-,-,-,-,-,-,-,-,-,-,-,-,-,-,,-,-
T. Smoothy,BRI,HOK,,$452K,,,33.8,-,-,-,-,-,-,-,-,-,-,-,-,-,-,-,-,-,-,-,-,-,-,,-,-
F. Pauga,SYD,CTR,WFB,$449K,,,33.6,-,-,-,-,-,-,-,-,-,-,-,-,-,-,-,-,-,-,-,-,-,-,,-,-
B. Walters,BRI,HOK,HLF,$425K,,,31.9,-,-,-,-,-,-,-,-,-,-,-,-,-,-,-,-,-,-,-,-,-,-,,-,-
J. Rogers,BRI,HLF,,$416K,,,31.2,-,-,-,-,-,-,-,-,-,-,-,-,-,-,-,-,-,-,-,-,-,-,,-,-
N. Whyte,SYD,MID,EDG,$415K,,,31.1,-,-,-,-,-,-,-,-,-,-,-,-,-,-,-,-,-,-,-,-,-,-,,-,-
K. Hetherington,BRI,MID,,$414K,,,31,-,-,-,-,-,-,-,-,-,-,-,-,-,-,-,-,-,-,-,-,-,-,,-,-
M. Taupau,BRI,MID,,$401K,,,30,-,-,-,-,-,-,-,-,-,-,-,-,-,-,-,-,-,-,-,-,-,-,,-,-
F. Baker,BRI,MID,,$398K,,,29.8,-,-,-,-,-,-,-,-,-,-,-,-,-,-,-,-,-,-,-,-,-,-,,-,-
B. Piakura,BRI,EDG,,$400K,,,29.6,-,-,-,-,-,-,-,-,-,-,-,-,-,-,-,-,-,-,-,-,-,-,,-,-
J. Hunt,BRI,MID,EDG,$382K,,,28.6,-,-,-,-,-,-,-,-,-,-,-,-,-,-,-,-,-,-,-,-,-,-,,-,-
J. Arthars,BRI,CTR,WFB,$346K,,,25.9,-,-,-,-,-,-,-,-,-,-,-,-,-,-,-,-,-,-,-,-,-,-,,-,-
S. Wong,SYD,EDG,,$344K,,,25.8,-,-,-,-,-,-,-,-,-,-,-,-,-,-,-,-,-,-,-,-,-,-,,-,-
B. Te Kura,BRI,MID,,$250K,,,21.7,-,-,-,-,-,-,-,-,-,-,-,-,-,-,-,-,-,-,-,-,-,-,,-,-
J. Karapani,BRI,CTR,,$270K,,,20.2,-,-,-,-,-,-,-,-,-,-,-,-,-,-,-,-,-,-,-,-,-,-,,-,-
B. Steep,SYD,EDG,,$250K,,,20,-,-,-,-,-,-,-,-,-,-,-,-,-,-,-,-,-,-,-,-,-,-,,-,-
D. Va'a,SYD,MID,,$250K,,,15,-,-,-,-,-,-,-,-,-,-,-,-,-,-,-,-,-,-,-,-,-,-,,-,-
S. Smith,SYD,HLF,,$250K,,,14.4,-,-,-,-,-,-,-,-,-,-,-,-,-,-,-,-,-,-,-,-,-,-,,-,-
J. Gosiewski,BRI,EDG,,$250K,,,14,-,-,-,-,-,-,-,-,-,-,-,-,-,-,-,-,-,-,-,-,-,-,,-,-
D. Hoeter,BRI,CTR,,$437K,,,0,-,-,-,-,-,-,-,-,-,-,-,-,-,-,-,-,-,-,-,-,-,-,,-,-
C. Paix,BRI,HOK,HLF,$300K,,,0,-,-,-,-,-,-,-,-,-,-,-,-,-,-,-,-,-,-,-,-,-,-,,-,-
B. Smith,SYD,CTR,,$450K,,,0,-,-,-,-,-,-,-,-,-,-,-,-,-,-,-,-,-,-,-,-,-,-,,-,-
T. Moriarty,SYD,HOK,,$230K,,,0,-,-,-,-,-,-,-,-,-,-,-,-,-,-,-,-,-,-,-,-,-,-,,-,-
R. Toia,SYD,CTR,,$230K,,,0,-,-,-,-,-,-,-,-,-,-,-,-,-,-,-,-,-,-,-,-,-,-,,-,-
T. Rodwell,SYD,HLF,,$230K,,,0,-,-,-,-,-,-,-,-,-,-,-,-,-,-,-,-,-,-,-,-,-,-,,-,-
C. Black,BRI,HLF,,$230K,,,0,-,-,-,-,-,-,-,-,-,-,-,-,-,-,-,-,-,-,-,-,-,-,,-,-
I. Leota,BRI,WFB,,$230K,,,0,-,-,-,-,-,-,-,-,-,-,-,-,-,-,-,-,-,-,-,-,-,-,,-,-
K. Ponga,NEW,WFB,,$730K,,,54,-,-,-,-,-,-,-,-,-,-,-,-,-,-,-,-,-,-,-,-,-,-,,-,-
D. Gagai,NEW,CTR,,$691K,,,51.8,-,-,-,-,-,-,-,-,-,-,-,-,-,-,-,-,-,-,-,-,-,-,,-,-
L. Galvin,WST,HLF,,$695K,,,51.8,-,-,-,-,-,-,-,-,-,-,-,-,-,-,-,-,-,-,-,-,-,-,,-,-
D. Lucas,NEW,EDG,CTR,$672K,,,50.3,-,-,-,-,-,-,-,-,-,-,-,-,-,-,-,-,-,-,-,-,-,-,,-,-
T. May,WST,MID,,$670K,,,50.2,-,-,-,-,-,-,-,-,-,-,-,-,-,-,-,-,-,-,-,-,-,-,,-,-
J. Hastings,NEW,HLF,,$642K,,,48.1,-,-,-,-,-,-,-,-,-,-,-,-,-,-,-,-,-,-,-,-,-,-,,-,-
A. Elliott,NEW,MID,,$617K,,,46.2,-,-,-,-,-,-,-,-,-,-,-,-,-,-,-,-,-,-,-,-,-,-,,-,-
K. Pearce-Paul,NEW,EDG,,$595K,,,44.6,-,-,-,-,-,-,-,-,-,-,-,-,-,-,-,-,-,-,-,-,-,-,,-,-
A. Koroisau,WST,HOK,,$593K,,,44.4,-,-,-,-,-,-,-,-,-,-,-,-,-,-,-,-,-,-,-,-,-,-,,-,-
T. Frizell,NEW,EDG,,$589K,,,44.1,-,-,-,-,-,-,-,-,-,-,-,-,-,-,-,-,-,-,-,-,-,-,,-,-
J. Luai,WST,HLF,,$589K,,,44.1,-,-,-,-,-,-,-,-,-,-,-,-,-,-,-,-,-,-,-,-,-,-,,-,-
B. Best,NEW,CTR,,$582K,,,43.6,-,-,-,-,-,-,-,-,-,-,-,-,-,-,-,-,-,-,-,-,-,-,,-,-
L. Thompson,NEW,MID,,$554K,,,41.5,-,-,-,-,-,-,-,-,-,-,-,-,-,-,-,-,-,-,-,-,-,-,,-,-
F. Sharpe,NEW,WFB,,$550K,,,41.2,-,-,-,-,-,-,-,-,-,-,-,-,-,-,-,-,-,-,-,-,-,-,,-,-
J. Schiller,NEW,CTR,WFB,$500K,,,40.8,-,-,-,-,-,-,-,-,-,-,-,-,-,-,-,-,-,-,-,-,-,-,,-,-
J. Saifiti,NEW,MID,,$537K,,,40.2,-,-,-,-,-,-,-,-,-,-,-,-,-,-,-,-,-,-,-,-,-,-,,-,-
S. Fainu,WST,MID,EDG,$536K,,,40.1,-,-,-,-,-,-,-,-,-,-,-,-,-,-,-,-,-,-,-,-,-,-,,-,-
A. Twal,WST,MID,,$529K,,,39.6,-,-,-,-,-,-,-,-,-,-,-,-,-,-,-,-,-,-,-,-,-,-,,-,-
J. Skelton,WST,WFB,,$500K,,,39.3,-,-,-,-,-,-,-,-,-,-,-,-,-,-,-,-,-,-,-,-,-,-,,-,-
S. Turuva,WST,WFB,,$516K,,,38.7,-,-,-,-,-,-,-,-,-,-,-,-,-,-,-,-,-,-,-,-,-,-,,-,-
J. Brailey,NEW,HOK,,$512K,,,38.3,-,-,-,-,-,-,-,-,-,-,-,-,-,-,-,-,-,-,-,-,-,-,,-,-
J. Bula,WST,WFB,,$525K,,,38,-,-,-,-,-,-,-,-,-,-,-,-,-,-,-,-,-,-,-,-,-,-,,-,-
T. Gamble,NEW,HLF,,$502K,,,37.6,-,-,-,-,-,-,-,-,-,-,-,-,-,-,-,-,-,-,-,-,-,-,,-,-
G. Marzhew,NEW,WFB,,$481K,,,36,-,-,-,-,-,-,-,-,-,-,-,-,-,-,-,-,-,-,-,-,-,-,,-,-
A. Seyfarth,WST,MID,,$475K,,,35.6,-,-,-,-,-,-,-,-,-,-,-,-,-,-,-,-,-,-,-,-,-,-,,-,-
A. Doueihi,WST,HLF,CTR,$469K,,,35.1,-,-,-,-,-,-,-,-,-,-,-,-,-,-,-,-,-,-,-,-,-,-,,-,-
F. Pole,WST,MID,,$462K,,,34.6,-,-,-,-,-,-,-,-,-,-,-,-,-,-,-,-,-,-,-,-,-,-,,-,-
T. Cant,NEW,EDG,,$458K,,,34.3,-,-,-,-,-,-,-,-,-,-,-,-,-,-,-,-,-,-,-,-,-,-,,-,-
J. Cogger,NEW,HLF,,$453K,,,33.9,-,-,-,-,-,-,-,-,-,-,-,-,-,-,-,-,-,-,-,-,-,-,,-,-
D. Klemmer,WST,MID,,$439K,,,32.9,-,-,-,-,-,-,-,-,-,-,-,-,-,-,-,-,-,-,-,-,-,-,,-,-
W. Pryce,NEW,HLF,WFB,$350K,,,30.2,-,-,-,-,-,-,-,-,-,-,-,-,-,-,-,-,-,-,-,-,-,-,,-,-
J. Olam,WST,CTR,,$390K,,,29.2,-,-,-,-,-,-,-,-,-,-,-,-,-,-,-,-,-,-,-,-,-,-,,-,-
M. Croker,NEW,MID,,$384K,,,28.8,-,-,-,-,-,-,-,-,-,-,-,-,-,-,-,-,-,-,-,-,-,-,,-,-
P. Crossland,NEW,HOK,,$382K,,,28.6,-,-,-,-,-,-,-,-,-,-,-,-,-,-,-,-,-,-,-,-,-,-,,-,-
J. Matamua,WST,EDG,,$381K,,,28.6,-,-,-,-,-,-,-,-,-,-,-,-,-,-,-,-,-,-,-,-,-,-,,-,-
J. Bird,WST,EDG,CTR,$362K,,,27.1,-,-,-,-,-,-,-,-,-,-,-,-,-,-,-,-,-,-,-,-,-,-,,-,-
S. Fainu,WST,MID,,$358K,,,26.8,-,-,-,-,-,-,-,-,-,-,-,-,-,-,-,-,-,-,-,-,-,-,,-,-
B. Jones,NEW,EDG,,$343K,,,25.7,-,-,-,-,-,-,-,-,-,-,-,-,-,-,-,-,-,-,-,-,-,-,,-,-
T. Da Silva,WST,HOK,,$332K,,,24.8,-,-,-,-,-,-,-,-,-,-,-,-,-,-,-,-,-,-,-,-,-,-,,-,-
C. Staines,WST,WFB,,$330K,,,24.7,-,-,-,-,-,-,-,-,-,-,-,-,-,-,-,-,-,-,-,-,-,-,,-,-
J. Hetherington,NEW,MID,,$328K,,,24.6,-,-,-,-,-,-,-,-,-,-,-,-,-,-,-,-,-,-,-,-,-,-,,-,-
J. Feledy,WST,CTR,,$300K,,,23.5,-,-,-,-,-,-,-,-,-,-,-,-,-,-,-,-,-,-,-,-,-,-,,-,-
L. Laulilii,WST,WFB,,$250K,,,21.6,-,-,-,-,-,-,-,-,-,-,-,-,-,-,-,-,-,-,-,-,-,-,,-,-
B. Naden,WST,CTR,WFB,$277K,,,20.8,-,-,-,-,-,-,-,-,-,-,-,-,-,-,-,-,-,-,-,-,-,-,,-,-
R. Hunt,WST,MID,,$275K,,,19.4,-,-,-,-,-,-,-,-,-,-,-,-,-,-,-,-,-,-,-,-,-,-,,-,-
T. Jenkins,NEW,WFB,,$250K,,,18.6,-,-,-,-,-,-,-,-,-,-,-,-,-,-,-,-,-,-,-,-,-,-,,-,-
L. Fainu,WST,HLF,,$250K,,,17.4,-,-,-,-,-,-,-,-,-,-,-,-,-,-,-,-,-,-,-,-,-,-,,-,-
K. Laulilii,WST,MID,,$250K,,,16,-,-,-,-,-,-,-,-,-,-,-,-,-,-,-,-,-,-,-,-,-,-,,-,-
M. Arthur,NEW,HOK,,$250K,,,13.3,-,-,-,-,-,-,-,-,-,-,-,-,-,-,-,-,-,-,-,-,-,-,,-,-
J. Miller,WST,MID,,$250K,,,12.5,-,-,-,-,-,-,-,-,-,-,-,-,-,-,-,-,-,-,-,-,-,-,,-,-
S. To'a,WST,CTR,,$250K,,,9.7,-,-,-,-,-,-,-,-,-,-,-,-,-,-,-,-,-,-,-,-,-,-,,-,-
T. Sukkar,WST,EDG,,$250K,,,7,-,-,-,-,-,-,-,-,-,-,-,-,-,-,-,-,-,-,-,-,-,-,,-,-
S. Su'a,NEW,MID,,$250K,,,1,-,-,-,-,-,-,-,-,-,-,-,-,-,-,-,-,-,-,-,-,-,-,,-,-
B. Tumeth,WST,EDG,,$250K,,,0,-,-,-,-,-,-,-,-,-,-,-,-,-,-,-,-,-,-,-,-,-,-,,-,-
S. Saukuru,WST,EDG,,$230K,,,0,-,-,-,-,-,-,-,-,-,-,-,-,-,-,-,-,-,-,-,-,-,-,,-,-
P. Bryan,NEW,MID,,$230K,,,0,-,-,-,-,-,-,-,-,-,-,-,-,-,-,-,-,-,-,-,-,-,-,,-,-
J. McEwen,NEW,EDG,,$230K,,,0,-,-,-,-,-,-,-,-,-,-,-,-,-,-,-,-,-,-,-,-,-,-,,-,-
R. Jones,NEW,HOK,,$250K,,,0,-,-,-,-,-,-,-,-,-,-,-,-,-,-,-,-,-,-,-,-,-,-,,-,-
F. Manuleleua,NEW,EDG,,$230K,,,0,-,-,-,-,-,-,-,-,-,-,-,-,-,-,-,-,-,-,-,-,-,-,,-,-
T. Annan,NEW,CTR,,$230K,,,0,-,-,-,-,-,-,-,-,-,-,-,-,-,-,-,-,-,-,-,-,-,-,,-,-
L. Mitchell,SOU,WFB,,$800K,,,59.7,-,-,-,-,-,-,-,-,-,-,-,-,-,-,-,-,-,-,-,-,-,-,,-,-
C. Murray,SOU,MID,,$737K,,,55.2,-,-,-,-,-,-,-,-,-,-,-,-,-,-,-,-,-,-,-,-,-,-,,-,-
H. Farnworth,DOL,CTR,,$734K,,,55,-,-,-,-,-,-,-,-,-,-,-,-,-,-,-,-,-,-,-,-,-,-,,-,-
E. Aitken,SOU,EDG,,$700K,,,52.5,-,-,-,-,-,-,-,-,-,-,-,-,-,-,-,-,-,-,-,-,-,-,,-,-
M. Plath,DOL,HOK,MID,$695K,,,52,-,-,-,-,-,-,-,-,-,-,-,-,-,-,-,-,-,-,-,-,-,-,,-,-
K. Koloamatangi,SOU,MID,EDG,$692K,,,51.8,-,-,-,-,-,-,-,-,-,-,-,-,-,-,-,-,-,-,-,-,-,-,,-,-
J. Humphreys,SOU,HLF,,$350K,,,46,-,-,-,-,-,-,-,-,-,-,-,-,-,-,-,-,-,-,-,-,-,-,,-,-
J. Arrow,SOU,MID,EDG,$607K,,,45.5,-,-,-,-,-,-,-,-,-,-,-,-,-,-,-,-,-,-,-,-,-,-,,-,-
H. Tabuai-Fidow,DOL,WFB,,$589K,,,44.1,-,-,-,-,-,-,-,-,-,-,-,-,-,-,-,-,-,-,-,-,-,-,,-,-
J. Sullivan,SOU,HLF,,$500K,,,43.3,-,-,-,-,-,-,-,-,-,-,-,-,-,-,-,-,-,-,-,-,-,-,,-,-
I. Katoa,DOL,HLF,,$552K,,,41.3,-,-,-,-,-,-,-,-,-,-,-,-,-,-,-,-,-,-,-,-,-,-,,-,-
J. Gray,SOU,HLF,WFB,$545K,,,40.8,-,-,-,-,-,-,-,-,-,-,-,-,-,-,-,-,-,-,-,-,-,-,,-,-
J. Wighton,SOU,HLF,CTR,$550K,,,39.3,-,-,-,-,-,-,-,-,-,-,-,-,-,-,-,-,-,-,-,-,-,-,,-,-
C. Walker,SOU,HLF,,$515K,,,38.6,-,-,-,-,-,-,-,-,-,-,-,-,-,-,-,-,-,-,-,-,-,-,,-,-
J. Isaako,DOL,WFB,,$510K,,,38.2,-,-,-,-,-,-,-,-,-,-,-,-,-,-,-,-,-,-,-,-,-,-,,-,-
C. Lemuelu,DOL,EDG,,$503K,,,37.7,-,-,-,-,-,-,-,-,-,-,-,-,-,-,-,-,-,-,-,-,-,-,,-,-
M. Nicholls,DOL,MID,,$482K,,,36.1,-,-,-,-,-,-,-,-,-,-,-,-,-,-,-,-,-,-,-,-,-,-,,-,-
T. Tatola,SOU,MID,,$475K,,,34.5,-,-,-,-,-,-,-,-,-,-,-,-,-,-,-,-,-,-,-,-,-,-,,-,-
J. Averillo,DOL,CTR,,$457K,,,34.3,-,-,-,-,-,-,-,-,-,-,-,-,-,-,-,-,-,-,-,-,-,-,,-,-
T. Duncan,SOU,MID,,$451K,,,33.8,-,-,-,-,-,-,-,-,-,-,-,-,-,-,-,-,-,-,-,-,-,-,,-,-
D. Saifiti,DOL,MID,,$448K,,,33.6,-,-,-,-,-,-,-,-,-,-,-,-,-,-,-,-,-,-,-,-,-,-,,-,-
F. Kaufusi,DOL,MID,EDG,$439K,,,32.9,-,-,-,-,-,-,-,-,-,-,-,-,-,-,-,-,-,-,-,-,-,-,,-,-
D. Moale,SOU,MID,,$432K,,,32.4,-,-,-,-,-,-,-,-,-,-,-,-,-,-,-,-,-,-,-,-,-,-,,-,-
R. Stone,DOL,MID,,$422K,,,31.6,-,-,-,-,-,-,-,-,-,-,-,-,-,-,-,-,-,-,-,-,-,-,,-,-
K. Bromwich,DOL,MID,EDG,$421K,,,31.5,-,-,-,-,-,-,-,-,-,-,-,-,-,-,-,-,-,-,-,-,-,-,,-,-
J. Bostock,DOL,WFB,,$414K,,,31,-,-,-,-,-,-,-,-,-,-,-,-,-,-,-,-,-,-,-,-,-,-,,-,-
K. Nikorima,DOL,HLF,,$409K,,,30.7,-,-,-,-,-,-,-,-,-,-,-,-,-,-,-,-,-,-,-,-,-,-,,-,-
J. Kerr,DOL,EDG,,$403K,,,30.2,-,-,-,-,-,-,-,-,-,-,-,-,-,-,-,-,-,-,-,-,-,-,,-,-
K. Finefeuiaki,DOL,EDG,,$400K,,,29.4,-,-,-,-,-,-,-,-,-,-,-,-,-,-,-,-,-,-,-,-,-,-,,-,-
S. Keppie,SOU,MID,,$390K,,,29.2,-,-,-,-,-,-,-,-,-,-,-,-,-,-,-,-,-,-,-,-,-,-,,-,-
J. Host,SOU,EDG,,$381K,,,28.6,-,-,-,-,-,-,-,-,-,-,-,-,-,-,-,-,-,-,-,-,-,-,,-,-
M. Feagai,DOL,CTR,,$375K,,,28.1,-,-,-,-,-,-,-,-,-,-,-,-,-,-,-,-,-,-,-,-,-,-,,-,-
J. Tupou,DOL,WFB,,$362K,,,27.1,-,-,-,-,-,-,-,-,-,-,-,-,-,-,-,-,-,-,-,-,-,-,,-,-
S. O'Sullivan,DOL,HLF,,$450K,,,26.2,-,-,-,-,-,-,-,-,-,-,-,-,-,-,-,-,-,-,-,-,-,-,,-,-
O. Keeley,DOL,EDG,,$347K,,,26,-,-,-,-,-,-,-,-,-,-,-,-,-,-,-,-,-,-,-,-,-,-,,-,-
S. Havili,SOU,HOK,MID,$342K,,,25.6,-,-,-,-,-,-,-,-,-,-,-,-,-,-,-,-,-,-,-,-,-,-,,-,-
T. Munro,SOU,WFB,,$300K,,,25,-,-,-,-,-,-,-,-,-,-,-,-,-,-,-,-,-,-,-,-,-,-,,-,-
P. Mamouzelos,SOU,HOK,,$319K,,,23.9,-,-,-,-,-,-,-,-,-,-,-,-,-,-,-,-,-,-,-,-,-,-,,-,-
S. Mitchell,SOU,MID,,$318K,,,23.8,-,-,-,-,-,-,-,-,-,-,-,-,-,-,-,-,-,-,-,-,-,-,,-,-
I. Tass,SOU,CTR,,$325K,,,22.1,-,-,-,-,-,-,-,-,-,-,-,-,-,-,-,-,-,-,-,-,-,-,,-,-
K. Donoghoe,DOL,HLF,,$250K,,,18.2,-,-,-,-,-,-,-,-,-,-,-,-,-,-,-,-,-,-,-,-,-,-,,-,-
L. Hubner,SOU,MID,,$250K,,,16.3,-,-,-,-,-,-,-,-,-,-,-,-,-,-,-,-,-,-,-,-,-,-,,-,-
M. Teague,DOL,MID,,$250K,,,7,-,-,-,-,-,-,-,-,-,-,-,-,-,-,-,-,-,-,-,-,-,-,,-,-
J. Schuster,SOU,EDG,HLF,$400K,,,0,-,-,-,-,-,-,-,-,-,-,-,-,-,-,-,-,-,-,-,-,-,-,,-,-
T. Gilbert,DOL,MID,EDG,$500K,,,0,-,-,-,-,-,-,-,-,-,-,-,-,-,-,-,-,-,-,-,-,-,-,,-,-
H. Graham,DOL,HOK,,$350K,,,0,-,-,-,-,-,-,-,-,-,-,-,-,-,-,-,-,-,-,-,-,-,-,,-,-
J. Walsh,DOL,EDG,,$230K,,,0,-,-,-,-,-,-,-,-,-,-,-,-,-,-,-,-,-,-,-,-,-,-,,-,-
T. Fletcher,SOU,EDG,,$230K,,,0,-,-,-,-,-,-,-,-,-,-,-,-,-,-,-,-,-,-,-,-,-,-,,-,-
B. Lovett,SOU,EDG,,$250K,,,0,-,-,-,-,-,-,-,-,-,-,-,-,-,-,-,-,-,-,-,-,-,-,,-,-
L. Dodd,SOU,HLF,,$550K,,,0,-,-,-,-,-,-,-,-,-,-,-,-,-,-,-,-,-,-,-,-,-,-,,-,-
M. Waqa,DOL,MID,,$230K,,,0,-,-,-,-,-,-,-,-,-,-,-,-,-,-,-,-,-,-,-,-,-,-,,-,-
H. Mellars,SOU,WFB,,$230K,,,0,-,-,-,-,-,-,-,-,-,-,-,-,-,-,-,-,-,-,-,-,-,-,,-,-
D. Cook,SGI,HOK,,$757K,,,56.7,-,-,-,-,-,-,-,-,-,-,-,-,-,-,-,-,-,-,-,-,-,-,,-,-
M. Burton,CBY,HLF,,$709K,,,53.1,-,-,-,-,-,-,-,-,-,-,-,-,-,-,-,-,-,-,-,-,-,-,,-,-
J. Liddle,SGI,HOK,,$708K,,,53,-,-,-,-,-,-,-,-,-,-,-,-,-,-,-,-,-,-,-,-,-,-,,-,-
J. Preston,CBY,EDG,,$695K,,,52.1,-,-,-,-,-,-,-,-,-,-,-,-,-,-,-,-,-,-,-,-,-,-,,-,-
R. Mahoney,CBY,HOK,,$663K,,,49.7,-,-,-,-,-,-,-,-,-,-,-,-,-,-,-,-,-,-,-,-,-,-,,-,-
J. Su'A,SGI,EDG,,$661K,,,49.5,-,-,-,-,-,-,-,-,-,-,-,-,-,-,-,-,-,-,-,-,-,-,,-,-
M. King,CBY,MID,,$657K,,,49.2,-,-,-,-,-,-,-,-,-,-,-,-,-,-,-,-,-,-,-,-,-,-,,-,-
V. Holmes,SGI,CTR,,$652K,,,48.8,-,-,-,-,-,-,-,-,-,-,-,-,-,-,-,-,-,-,-,-,-,-,,-,-
J. Kiraz,CBY,CTR,WFB,$641K,,,48,-,-,-,-,-,-,-,-,-,-,-,-,-,-,-,-,-,-,-,-,-,-,,-,-
J. De Belin,SGI,MID,,$637K,,,47.8,-,-,-,-,-,-,-,-,-,-,-,-,-,-,-,-,-,-,-,-,-,-,,-,-
T. Eisenhuth,SGI,MID,EDG,$616K,,,46.2,-,-,-,-,-,-,-,-,-,-,-,-,-,-,-,-,-,-,-,-,-,-,,-,-
J. Curran,CBY,MID,EDG,$600K,,,44.9,-,-,-,-,-,-,-,-,-,-,-,-,-,-,-,-,-,-,-,-,-,-,,-,-
C. Gutherson,SGI,WFB,,$600K,,,42.6,-,-,-,-,-,-,-,-,-,-,-,-,-,-,-,-,-,-,-,-,-,-,,-,-
L. Leilua,SGI,EDG,,$560K,,,41.9,-,-,-,-,-,-,-,-,-,-,-,-,-,-,-,-,-,-,-,-,-,-,,-,-
T. Couchman,SGI,MID,EDG,$528K,,,39.5,-,-,-,-,-,-,-,-,-,-,-,-,-,-,-,-,-,-,-,-,-,-,,-,-
V. Kikau,CBY,EDG,,$511K,,,38.3,-,-,-,-,-,-,-,-,-,-,-,-,-,-,-,-,-,-,-,-,-,-,,-,-
C. Tracey,CBY,WFB,,$503K,,,37.7,-,-,-,-,-,-,-,-,-,-,-,-,-,-,-,-,-,-,-,-,-,-,,-,-
T. Sexton,CBY,HLF,,$497K,,,37.2,-,-,-,-,-,-,-,-,-,-,-,-,-,-,-,-,-,-,-,-,-,-,,-,-
K. Mann,CBY,MID,,$496K,,,37.1,-,-,-,-,-,-,-,-,-,-,-,-,-,-,-,-,-,-,-,-,-,-,,-,-
R. Faitala-Mariner,SGI,MID,EDG,$472K,,,35.4,-,-,-,-,-,-,-,-,-,-,-,-,-,-,-,-,-,-,-,-,-,-,,-,-
S. Finau,SGI,WFB,,$350K,,,35,-,-,-,-,-,-,-,-,-,-,-,-,-,-,-,-,-,-,-,-,-,-,,-,-
M. Suli,SGI,CTR,,$475K,,,34.3,-,-,-,-,-,-,-,-,-,-,-,-,-,-,-,-,-,-,-,-,-,-,,-,-
J. Salmon,CBY,MID,EDG,$455K,,,34.1,-,-,-,-,-,-,-,-,-,-,-,-,-,-,-,-,-,-,-,-,-,-,,-,-
B. Xerri,CBY,CTR,,$443K,,,33.2,-,-,-,-,-,-,-,-,-,-,-,-,-,-,-,-,-,-,-,-,-,-,,-,-
K. Flanagan,SGI,HLF,,$440K,,,33,-,-,-,-,-,-,-,-,-,-,-,-,-,-,-,-,-,-,-,-,-,-,,-,-
S. Crichton,CBY,CTR,,$435K,,,32.6,-,-,-,-,-,-,-,-,-,-,-,-,-,-,-,-,-,-,-,-,-,-,,-,-
F. Molo,SGI,MID,,$433K,,,32.4,-,-,-,-,-,-,-,-,-,-,-,-,-,-,-,-,-,-,-,-,-,-,,-,-
M. Molo,SGI,MID,,$427K,,,32,-,-,-,-,-,-,-,-,-,-,-,-,-,-,-,-,-,-,-,-,-,-,,-,-
H. Sele,SGI,MID,,$408K,,,30.5,-,-,-,-,-,-,-,-,-,-,-,-,-,-,-,-,-,-,-,-,-,-,,-,-
M. Feagai,SGI,WFB,,$401K,,,30,-,-,-,-,-,-,-,-,-,-,-,-,-,-,-,-,-,-,-,-,-,-,,-,-
S. Hughes,CBY,MID,,$389K,,,29.1,-,-,-,-,-,-,-,-,-,-,-,-,-,-,-,-,-,-,-,-,-,-,,-,-
B. Wilson,CBY,WFB,,$384K,,,28.8,-,-,-,-,-,-,-,-,-,-,-,-,-,-,-,-,-,-,-,-,-,-,,-,-
E. Guler,SGI,MID,,$380K,,,28.5,-,-,-,-,-,-,-,-,-,-,-,-,-,-,-,-,-,-,-,-,-,-,,-,-
M. Ravalawa,SGI,WFB,,$374K,,,28,-,-,-,-,-,-,-,-,-,-,-,-,-,-,-,-,-,-,-,-,-,-,,-,-
S. Tupouniua,CBY,MID,EDG,$400K,,,27.8,-,-,-,-,-,-,-,-,-,-,-,-,-,-,-,-,-,-,-,-,-,-,,-,-
B. Hayward,CBY,MID,,$369K,,,27.6,-,-,-,-,-,-,-,-,-,-,-,-,-,-,-,-,-,-,-,-,-,-,,-,-
R. Couchman,SGI,EDG,,$358K,,,26.8,-,-,-,-,-,-,-,-,-,-,-,-,-,-,-,-,-,-,-,-,-,-,,-,-
M. Montoya,CBY,CTR,WFB,$356K,,,26.6,-,-,-,-,-,-,-,-,-,-,-,-,-,-,-,-,-,-,-,-,-,-,,-,-
E. Tuala,CBY,CTR,WFB,$300K,,,25.4,-,-,-,-,-,-,-,-,-,-,-,-,-,-,-,-,-,-,-,-,-,-,,-,-
L. Ilias,SGI,HLF,,$400K,,,24,-,-,-,-,-,-,-,-,-,-,-,-,-,-,-,-,-,-,-,-,-,-,,-,-
B. Taaffe,CBY,WFB,,$317K,,,23.8,-,-,-,-,-,-,-,-,-,-,-,-,-,-,-,-,-,-,-,-,-,-,,-,-
K. Morrin,CBY,MID,,$308K,,,23,-,-,-,-,-,-,-,-,-,-,-,-,-,-,-,-,-,-,-,-,-,-,,-,-
J. Turpin,CBY,HOK,,$250K,,,13,-,-,-,-,-,-,-,-,-,-,-,-,-,-,-,-,-,-,-,-,-,-,,-,-
Z. Maiu'u,CBY,EDG,,$250K,,,12,-,-,-,-,-,-,-,-,-,-,-,-,-,-,-,-,-,-,-,-,-,-,,-,-
K. Kautoga,CBY,CTR,,$250K,,,9.5,-,-,-,-,-,-,-,-,-,-,-,-,-,-,-,-,-,-,-,-,-,-,,-,-
R. Sutton,CBY,MID,,$350K,,,0,-,-,-,-,-,-,-,-,-,-,-,-,-,-,-,-,-,-,-,-,-,-,,-,-
T. Amone,CBY,MID,,$250K,,,0,-,-,-,-,-,-,-,-,-,-,-,-,-,-,-,-,-,-,-,-,-,-,,-,-
D. Suluka-Fifita,CBY,MID,,$250K,,,0,-,-,-,-,-,-,-,-,-,-,-,-,-,-,-,-,-,-,-,-,-,-,,-,-
C. Allan,SGI,WFB,,$300K,,,0,-,-,-,-,-,-,-,-,-,-,-,-,-,-,-,-,-,-,-,-,-,-,,-,-
H. Stewart,SGI,MID,,$230K,,,0,-,-,-,-,-,-,-,-,-,-,-,-,-,-,-,-,-,-,-,-,-,-,,-,-
D. Egan,SGI,EDG,,$230K,,,0,-,-,-,-,-,-,-,-,-,-,-,-,-,-,-,-,-,-,-,-,-,-,,-,-
J. Todd,CBY,MID,,$230K,,,0,-,-,-,-,-,-,-,-,-,-,-,-,-,-,-,-,-,-,-,-,-,-,,-,-
K. Oloapu,CBY,HLF,,$400K,,,0,-,-,-,-,-,-,-,-,-,-,-,-,-,-,-,-,-,-,-,-,-,-,,-,-
M. Woods,CBY,HLF,,$230K,,,0,-,-,-,-,-,-,-,-,-,-,-,-,-,-,-,-,-,-,-,-,-,-,,-,-
F. Latu,SGI,MID,,$230K,,,0,-,-,-,-,-,-,-,-,-,-,-,-,-,-,-,-,-,-,-,-,-,-,,-,-
L. Pasifiki Tonga,SGI,MID,,$230K,,,0,-,-,-,-,-,-,-,-,-,-,-,-,-,-,-,-,-,-,-,-,-,-,,-,-
D. Cherry-Evans,MAN,HLF,,$725K,,,53.3,-,-,-,-,-,-,-,-,-,-,-,-,-,-,-,-,-,-,-,-,-,-,,-,-
T. Trbojevic,MAN,WFB,,$700K,,,52.6,-,-,-,-,-,-,-,-,-,-,-,-,-,-,-,-,-,-,-,-,-,-,,-,-
H. Olakau'atu,MAN,EDG,,$672K,,,50.3,-,-,-,-,-,-,-,-,-,-,-,-,-,-,-,-,-,-,-,-,-,-,,-,-
R. Cotter,NQL,MID,,$668K,,,50,-,-,-,-,-,-,-,-,-,-,-,-,-,-,-,-,-,-,-,-,-,-,,-,-
R. Robson,NQL,HOK,,$655K,,,49,-,-,-,-,-,-,-,-,-,-,-,-,-,-,-,-,-,-,-,-,-,-,,-,-
S. Drinkwater,NQL,WFB,,$654K,,,49,-,-,-,-,-,-,-,-,-,-,-,-,-,-,-,-,-,-,-,-,-,-,,-,-
B. Burns,NQL,CTR,WFB,$500K,,,45.3,-,-,-,-,-,-,-,-,-,-,-,-,-,-,-,-,-,-,-,-,-,-,,-,-
J. Trbojevic,MAN,MID,,$596K,,,44.6,-,-,-,-,-,-,-,-,-,-,-,-,-,-,-,-,-,-,-,-,-,-,,-,-
J. Bateman,NQL,EDG,,$595K,,,44.6,-,-,-,-,-,-,-,-,-,-,-,-,-,-,-,-,-,-,-,-,-,-,,-,-
R. Garrick,MAN,CTR,WFB,$583K,,,43.7,-,-,-,-,-,-,-,-,-,-,-,-,-,-,-,-,-,-,-,-,-,-,,-,-
T. Dearden,NQL,HLF,,$580K,,,43.5,-,-,-,-,-,-,-,-,-,-,-,-,-,-,-,-,-,-,-,-,-,-,,-,-
J. Nanai,NQL,EDG,,$581K,,,43.5,-,-,-,-,-,-,-,-,-,-,-,-,-,-,-,-,-,-,-,-,-,-,,-,-
L. Brooks,MAN,HLF,,$550K,,,40.8,-,-,-,-,-,-,-,-,-,-,-,-,-,-,-,-,-,-,-,-,-,-,,-,-
J. Clifford,NQL,HLF,,$525K,,,39.3,-,-,-,-,-,-,-,-,-,-,-,-,-,-,-,-,-,-,-,-,-,-,,-,-
M. Taulagi,NQL,WFB,,$501K,,,37.5,-,-,-,-,-,-,-,-,-,-,-,-,-,-,-,-,-,-,-,-,-,-,,-,-
T. Paseka,MAN,MID,,$473K,,,35.4,-,-,-,-,-,-,-,-,-,-,-,-,-,-,-,-,-,-,-,-,-,-,,-,-
T. Talau,MAN,CTR,WFB,$465K,,,34.8,-,-,-,-,-,-,-,-,-,-,-,-,-,-,-,-,-,-,-,-,-,-,,-,-
G. Neame,NQL,MID,,$451K,,,33.8,-,-,-,-,-,-,-,-,-,-,-,-,-,-,-,-,-,-,-,-,-,-,,-,-
Z. Laybutt,NQL,CTR,,$431K,,,32.3,-,-,-,-,-,-,-,-,-,-,-,-,-,-,-,-,-,-,-,-,-,-,,-,-
J. McLean,NQL,MID,,$430K,,,32.2,-,-,-,-,-,-,-,-,-,-,-,-,-,-,-,-,-,-,-,-,-,-,,-,-
T. Koula,MAN,CTR,WFB,$424K,,,31.8,-,-,-,-,-,-,-,-,-,-,-,-,-,-,-,-,-,-,-,-,-,-,,-,-
T. Sipley,MAN,MID,,$423K,,,31.7,-,-,-,-,-,-,-,-,-,-,-,-,-,-,-,-,-,-,-,-,-,-,,-,-
J. Saab,MAN,WFB,,$422K,,,31.6,-,-,-,-,-,-,-,-,-,-,-,-,-,-,-,-,-,-,-,-,-,-,,-,-
S. McIntyre,NQL,EDG,,$416K,,,31.2,-,-,-,-,-,-,-,-,-,-,-,-,-,-,-,-,-,-,-,-,-,-,,-,-
B. Trbojevic,MAN,EDG,CTR,$415K,,,31.1,-,-,-,-,-,-,-,-,-,-,-,-,-,-,-,-,-,-,-,-,-,-,,-,-
N. Brown,MAN,MID,,$413K,,,30.9,-,-,-,-,-,-,-,-,-,-,-,-,-,-,-,-,-,-,-,-,-,-,,-,-
J. Tevaga,MAN,MID,,$412K,,,30.9,-,-,-,-,-,-,-,-,-,-,-,-,-,-,-,-,-,-,-,-,-,-,,-,-
C. Waddell,MAN,MID,EDG,$407K,,,30.5,-,-,-,-,-,-,-,-,-,-,-,-,-,-,-,-,-,-,-,-,-,-,,-,-
K. Lawton,NQL,HOK,EDG,$400K,,,29.9,-,-,-,-,-,-,-,-,-,-,-,-,-,-,-,-,-,-,-,-,-,-,,-,-
E. Bullemor,MAN,MID,EDG,$391K,,,29.3,-,-,-,-,-,-,-,-,-,-,-,-,-,-,-,-,-,-,-,-,-,-,,-,-
A. Schoupp,MAN,CTR,,$350K,,,28.7,-,-,-,-,-,-,-,-,-,-,-,-,-,-,-,-,-,-,-,-,-,-,,-,-
R. Tuaimalo Vaega,MAN,WFB,,$350K,,,28.7,-,-,-,-,-,-,-,-,-,-,-,-,-,-,-,-,-,-,-,-,-,-,,-,-
J. Aloiai,MAN,MID,,$381K,,,28.6,-,-,-,-,-,-,-,-,-,-,-,-,-,-,-,-,-,-,-,-,-,-,,-,-
M. Chee Kam,MAN,EDG,CTR,$375K,,,28.1,-,-,-,-,-,-,-,-,-,-,-,-,-,-,-,-,-,-,-,-,-,-,,-,-
S. Valemei,NQL,WFB,,$374K,,,28,-,-,-,-,-,-,-,-,-,-,-,-,-,-,-,-,-,-,-,-,-,-,,-,-
H. Edwards,NQL,MID,,$371K,,,27.8,-,-,-,-,-,-,-,-,-,-,-,-,-,-,-,-,-,-,-,-,-,-,,-,-
J. Simpkin,MAN,HOK,,$371K,,,27.8,-,-,-,-,-,-,-,-,-,-,-,-,-,-,-,-,-,-,-,-,-,-,,-,-
V. Vailea,NQL,CTR,,$363K,,,27.2,-,-,-,-,-,-,-,-,-,-,-,-,-,-,-,-,-,-,-,-,-,-,,-,-
T. Mikaele,NQL,MID,,$336K,,,25.2,-,-,-,-,-,-,-,-,-,-,-,-,-,-,-,-,-,-,-,-,-,-,,-,-
C. Faulalo,MAN,CTR,WFB,$325K,,,24.3,-,-,-,-,-,-,-,-,-,-,-,-,-,-,-,-,-,-,-,-,-,-,,-,-
J. Paulo,NQL,WFB,,$274K,,,20.5,-,-,-,-,-,-,-,-,-,-,-,-,-,-,-,-,-,-,-,-,-,-,,-,-
J. Shibasaki,NQL,EDG,,$250K,,,16,-,-,-,-,-,-,-,-,-,-,-,-,-,-,-,-,-,-,-,-,-,-,,-,-
G. Chan Kum Tong,MAN,HOK,,$250K,,,15,-,-,-,-,-,-,-,-,-,-,-,-,-,-,-,-,-,-,-,-,-,-,,-,-
A. James,MAN,MID,,$250K,,,15,-,-,-,-,-,-,-,-,-,-,-,-,-,-,-,-,-,-,-,-,-,-,,-,-
J. Purdue,NQL,CTR,,$250K,,,13.9,-,-,-,-,-,-,-,-,-,-,-,-,-,-,-,-,-,-,-,-,-,-,,-,-
C. Hess,NQL,MID,EDG,$475K,,,0,-,-,-,-,-,-,-,-,-,-,-,-,-,-,-,-,-,-,-,-,-,-,,-,-
S. Taukeiaho,MAN,MID,,$400K,,,0,-,-,-,-,-,-,-,-,-,-,-,-,-,-,-,-,-,-,-,-,-,-,,-,-
D. Matterson,MAN,EDG,,$250K,,,0,-,-,-,-,-,-,-,-,-,-,-,-,-,-,-,-,-,-,-,-,-,-,,-,-
K. O'Donnell,NQL,EDG,,$250K,,,0,-,-,-,-,-,-,-,-,-,-,-,-,-,-,-,-,-,-,-,-,-,-,,-,-
R. Derby,NQL,WFB,,$250K,,,0,-,-,-,-,-,-,-,-,-,-,-,-,-,-,-,-,-,-,-,-,-,-,,-,-
T. Duffy,NQL,HLF,,$250K,,,0,-,-,-,-,-,-,-,-,-,-,-,-,-,-,-,-,-,-,-,-,-,-,,-,-
J. Walsh,MAN,HLF,,$230K,,,0,-,-,-,-,-,-,-,-,-,-,-,-,-,-,-,-,-,-,-,-,-,-,,-,-
K. Lahrs,NQL,MID,,$230K,,,0,-,-,-,-,-,-,-,-,-,-,-,-,-,-,-,-,-,-,-,-,-,-,,-,-
J. Hughes,MEL,HLF,,$825K,,,60.4,-,-,-,-,-,-,-,-,-,-,-,-,-,-,-,-,-,-,-,-,-,-,,-,-
H. Grant,MEL,HOK,,$730K,,,53.8,-,-,-,-,-,-,-,-,-,-,-,-,-,-,-,-,-,-,-,-,-,-,,-,-
E. Katoa,MEL,EDG,,$700K,,,52.2,-,-,-,-,-,-,-,-,-,-,-,-,-,-,-,-,-,-,-,-,-,-,,-,-
A. Lisati,MEL,EDG,,$350K,,,51,-,-,-,-,-,-,-,-,-,-,-,-,-,-,-,-,-,-,-,-,-,-,,-,-
Z. Lomax,PAR,CTR,WFB,$668K,,,50,-,-,-,-,-,-,-,-,-,-,-,-,-,-,-,-,-,-,-,-,-,-,,-,-
M. Moses,PAR,HLF,,$700K,,,48.9,-,-,-,-,-,-,-,-,-,-,-,-,-,-,-,-,-,-,-,-,-,-,,-,-
D. Brown,PAR,HLF,,$651K,,,48.8,-,-,-,-,-,-,-,-,-,-,-,-,-,-,-,-,-,-,-,-,-,-,,-,-
S. Utoikamanu,MEL,MID,,$600K,,,44.9,-,-,-,-,-,-,-,-,-,-,-,-,-,-,-,-,-,-,-,-,-,-,,-,-
T. Loiero,MEL,MID,EDG,$600K,,,44.8,-,-,-,-,-,-,-,-,-,-,-,-,-,-,-,-,-,-,-,-,-,-,,-,-
B. Cartwright,PAR,EDG,,$590K,,,44.2,-,-,-,-,-,-,-,-,-,-,-,-,-,-,-,-,-,-,-,-,-,-,,-,-
C. Munster,MEL,HLF,,$589K,,,44.1,-,-,-,-,-,-,-,-,-,-,-,-,-,-,-,-,-,-,-,-,-,-,,-,-
S. Blore,MEL,EDG,,$586K,,,43.9,-,-,-,-,-,-,-,-,-,-,-,-,-,-,-,-,-,-,-,-,-,-,,-,-
I. Iongi,PAR,WFB,,$350K,,,43,-,-,-,-,-,-,-,-,-,-,-,-,-,-,-,-,-,-,-,-,-,-,,-,-
R. Matterson,PAR,MID,EDG,$567K,,,42.4,-,-,-,-,-,-,-,-,-,-,-,-,-,-,-,-,-,-,-,-,-,-,,-,-
N. Meaney,MEL,CTR,WFB,$550K,,,41.2,-,-,-,-,-,-,-,-,-,-,-,-,-,-,-,-,-,-,-,-,-,-,,-,-
T. Wishart,MEL,HLF,,$550K,,,40.3,-,-,-,-,-,-,-,-,-,-,-,-,-,-,-,-,-,-,-,-,-,-,,-,-
W. Penisini,PAR,CTR,,$535K,,,40.1,-,-,-,-,-,-,-,-,-,-,-,-,-,-,-,-,-,-,-,-,-,-,,-,-
R. Papenhuyzen,MEL,WFB,,$530K,,,39.7,-,-,-,-,-,-,-,-,-,-,-,-,-,-,-,-,-,-,-,-,-,-,,-,-
J. Paulo,PAR,MID,,$550K,,,39.4,-,-,-,-,-,-,-,-,-,-,-,-,-,-,-,-,-,-,-,-,-,-,,-,-
S. Lane,PAR,EDG,,$523K,,,39.2,-,-,-,-,-,-,-,-,-,-,-,-,-,-,-,-,-,-,-,-,-,-,,-,-
J. King,MEL,MID,,$510K,,,38.2,-,-,-,-,-,-,-,-,-,-,-,-,-,-,-,-,-,-,-,-,-,-,,-,-
J. Williams,PAR,MID,,$505K,,,37.8,-,-,-,-,-,-,-,-,-,-,-,-,-,-,-,-,-,-,-,-,-,-,,-,-
J. Ofahengaue,PAR,MID,,$490K,,,36.7,-,-,-,-,-,-,-,-,-,-,-,-,-,-,-,-,-,-,-,-,-,-,,-,-
J. Addo-Carr,PAR,WFB,,$468K,,,35.1,-,-,-,-,-,-,-,-,-,-,-,-,-,-,-,-,-,-,-,-,-,-,,-,-
C. Welch,MEL,MID,,$456K,,,34.2,-,-,-,-,-,-,-,-,-,-,-,-,-,-,-,-,-,-,-,-,-,-,,-,-
X. Coates,MEL,WFB,,$450K,,,33.7,-,-,-,-,-,-,-,-,-,-,-,-,-,-,-,-,-,-,-,-,-,-,,-,-
D. Hawkins,PAR,HLF,,$444K,,,33.3,-,-,-,-,-,-,-,-,-,-,-,-,-,-,-,-,-,-,-,-,-,-,,-,-
S. Faalogo,MEL,WFB,,$443K,,,33.2,-,-,-,-,-,-,-,-,-,-,-,-,-,-,-,-,-,-,-,-,-,-,,-,-
W. Warbrick,MEL,WFB,,$433K,,,32.4,-,-,-,-,-,-,-,-,-,-,-,-,-,-,-,-,-,-,-,-,-,-,,-,-
B. Simonsson,PAR,CTR,WFB,$431K,,,32.3,-,-,-,-,-,-,-,-,-,-,-,-,-,-,-,-,-,-,-,-,-,-,,-,-
J. Howarth,MEL,EDG,CTR,$450K,,,31.8,-,-,-,-,-,-,-,-,-,-,-,-,-,-,-,-,-,-,-,-,-,-,,-,-
K. Tuilagi,PAR,EDG,,$420K,,,31.4,-,-,-,-,-,-,-,-,-,-,-,-,-,-,-,-,-,-,-,-,-,-,,-,-
G. Anderson,MEL,CTR,WFB,$401K,,,30.1,-,-,-,-,-,-,-,-,-,-,-,-,-,-,-,-,-,-,-,-,-,-,,-,-
L. Moretti,PAR,MID,,$392K,,,29.4,-,-,-,-,-,-,-,-,-,-,-,-,-,-,-,-,-,-,-,-,-,-,,-,-
J. Pezet,MEL,HLF,,$392K,,,29.3,-,-,-,-,-,-,-,-,-,-,-,-,-,-,-,-,-,-,-,-,-,-,,-,-
A. MacDonald,MEL,MID,,$391K,,,29.3,-,-,-,-,-,-,-,-,-,-,-,-,-,-,-,-,-,-,-,-,-,-,,-,-
B. Hands,PAR,HOK,,$389K,,,29.1,-,-,-,-,-,-,-,-,-,-,-,-,-,-,-,-,-,-,-,-,-,-,,-,-
C. Guymer,PAR,EDG,,$300K,,,28.5,-,-,-,-,-,-,-,-,-,-,-,-,-,-,-,-,-,-,-,-,-,-,,-,-
T. Kamikamica,MEL,MID,,$373K,,,27.9,-,-,-,-,-,-,-,-,-,-,-,-,-,-,-,-,-,-,-,-,-,-,,-,-
B. Garlick,MEL,HOK,MID,$350K,,,27.3,-,-,-,-,-,-,-,-,-,-,-,-,-,-,-,-,-,-,-,-,-,-,,-,-
J. Lussick,PAR,HOK,,$357K,,,26.7,-,-,-,-,-,-,-,-,-,-,-,-,-,-,-,-,-,-,-,-,-,-,,-,-
S. Russell,PAR,CTR,WFB,$350K,,,26.2,-,-,-,-,-,-,-,-,-,-,-,-,-,-,-,-,-,-,-,-,-,-,,-,-
L. Vaalepu,MEL,MID,,$291K,,,21.8,-,-,-,-,-,-,-,-,-,-,-,-,-,-,-,-,-,-,-,-,-,-,,-,-
J. Chan,MEL,EDG,,$300K,,,20.4,-,-,-,-,-,-,-,-,-,-,-,-,-,-,-,-,-,-,-,-,-,-,,-,-
W. Greig,PAR,MID,,$250K,,,17,-,-,-,-,-,-,-,-,-,-,-,-,-,-,-,-,-,-,-,-,-,-,,-,-
M. Doorey,PAR,EDG,,$250K,,,14,-,-,-,-,-,-,-,-,-,-,-,-,-,-,-,-,-,-,-,-,-,-,,-,-
M. Seve,MEL,CTR,,$250K,,,4,-,-,-,-,-,-,-,-,-,-,-,-,-,-,-,-,-,-,-,-,-,-,,-,-
H. Dunster,PAR,WFB,,$250K,,,0,-,-,-,-,-,-,-,-,-,-,-,-,-,-,-,-,-,-,-,-,-,-,,-,-
J. Samrani,PAR,CTR,,$230K,,,0,-,-,-,-,-,-,-,-,-,-,-,-,-,-,-,-,-,-,-,-,-,-,,-,-
T. Mataele,PAR,EDG,,$230K,,,0,-,-,-,-,-,-,-,-,-,-,-,-,-,-,-,-,-,-,-,-,-,-,,-,-
J. Papalii,PAR,WFB,,$230K,,,0,-,-,-,-,-,-,-,-,-,-,-,-,-,-,-,-,-,-,-,-,-,-,,-,-
S. Tuivaiti,PAR,MID,,$230K,,,0,-,-,-,-,-,-,-,-,-,-,-,-,-,-,-,-,-,-,-,-,-,-,,-,-
M. Leo,MEL,WFB,,$350K,,,0,-,-,-,-,-,-,-,-,-,-,-,-,-,-,-,-,-,-,-,-,-,-,,-,-