Round,Player,Team,Age,POS1,POS2,Price,Priced at,PTS,MP,AVG,T,TS,G,FG,TA,LB,LBA,TCK,TB,MT,OFG,OFH,ER,TO,FTF,MG,KM,KD,PC,SB,SO,FDO,SAI,EFIG,,Total base,,Base exceeds price premium
1,J. Tapine,CAN,,MID,,717000, 54 ,,,54,-,-,-,-,-,-,-,-,-,-,-,-,-,-,-,-,-,-,-,-,-,-,-,-,,,,-52
1,H. Young,CAN,,EDG,,713000, 53 ,,,53,-,-,-,-,-,-,-,-,-,-,-,-,-,-,-,-,-,-,-,-,-,-,-,-,,,,-52
1,M. Barnett,WAR,,MID,EDG,712000, 53 ,,,53,-,-,-,-,-,-,-,-,-,-,-,-,-,-,-,-,-,-,-,-,-,-,-,-,,,,-52
1,J. Fogarty,CAN,,HLF,,705000, 53 ,,,53,-,-,-,-,-,-,-,-,-,-,-,-,-,-,-,-,-,-,-,-,-,-,-,-,,,,-51
1,M. Smithies,CAN,,MID,,600000, 45 ,,,45,-,-,-,-,-,-,-,-,-,-,-,-,-,-,-,-,-,-,-,-,-,-,-,-,,,,-44
1,J. Fisher-Harris,WAR,,MID,,600000, 45 ,,,45,-,-,-,-,-,-,-,-,-,-,-,-,-,-,-,-,-,-,-,-,-,-,-,-,,,,-44
1,C. Nicoll-Klokstad,WAR,,WFB,,594000, 44 ,,,45,-,-,-,-,-,-,-,-,-,-,-,-,-,-,-,-,-,-,-,-,-,-,-,-,,,,-43
1,K. Weekes,CAN,,HLF,WFB,550000, 41 ,,,43,-,-,-,-,-,-,-,-,-,-,-,-,-,-,-,-,-,-,-,-,-,-,-,-,,,,-40
1,D. Walker,WAR,,MID,,568000, 42 ,,,43,-,-,-,-,-,-,-,-,-,-,-,-,-,-,-,-,-,-,-,-,-,-,-,-,,,,-41
1,W. Egan,WAR,,HOK,,553000, 41 ,,,41,-,-,-,-,-,-,-,-,-,-,-,-,-,-,-,-,-,-,-,-,-,-,-,-,,,,-40
1,A. Leiataua,WAR,,CTR,WFB,500000, 37 ,,,41,-,-,-,-,-,-,-,-,-,-,-,-,-,-,-,-,-,-,-,-,-,-,-,-,,,,-36
1,C. Horsburgh,CAN,,MID,,550000, 41 ,,,41,-,-,-,-,-,-,-,-,-,-,-,-,-,-,-,-,-,-,-,-,-,-,-,-,,,,-40
1,K. Capewell,WAR,,EDG,,550000, 41 ,,,40,-,-,-,-,-,-,-,-,-,-,-,-,-,-,-,-,-,-,-,-,-,-,-,-,,,,-40
1,R. Tuivasa-Sheck,WAR,,CTR,WFB,510000, 38 ,,,38,-,-,-,-,-,-,-,-,-,-,-,-,-,-,-,-,-,-,-,-,-,-,-,-,,,,-37
1,M. Timoko,CAN,,CTR,,510000, 38 ,,,38,-,-,-,-,-,-,-,-,-,-,-,-,-,-,-,-,-,-,-,-,-,-,-,-,,,,-37
1,J. Papalii,CAN,,MID,,501000, 37 ,,,38,-,-,-,-,-,-,-,-,-,-,-,-,-,-,-,-,-,-,-,-,-,-,-,-,,,,-37
1,T. Boyd,WAR,,HLF,,497000, 37 ,,,37,-,-,-,-,-,-,-,-,-,-,-,-,-,-,-,-,-,-,-,-,-,-,-,-,,,,-36
1,E. Clark,WAR,,HOK,MID,482000, 36 ,,,36,-,-,-,-,-,-,-,-,-,-,-,-,-,-,-,-,-,-,-,-,-,-,-,-,,,,-35
1,E. Strange,CAN,,HLF,,482000, 36 ,,,36,-,-,-,-,-,-,-,-,-,-,-,-,-,-,-,-,-,-,-,-,-,-,-,-,,,,-35
1,T. Tuaupiki,WAR,,WFB,,450000, 34 ,,,36,-,-,-,-,-,-,-,-,-,-,-,-,-,-,-,-,-,-,-,-,-,-,-,-,,,,-33
1,M. Niukore,WAR,,MID,EDG,455000, 34 ,,,34,-,-,-,-,-,-,-,-,-,-,-,-,-,-,-,-,-,-,-,-,-,-,-,-,,,,-33
1,E. Sanders,CAN,,HLF,,350000, 26 ,,,34,-,-,-,-,-,-,-,-,-,-,-,-,-,-,-,-,-,-,-,-,-,-,-,-,,,,-26
1,L. Metcalf,WAR,,HLF,,441000, 33 ,,,33,-,-,-,-,-,-,-,-,-,-,-,-,-,-,-,-,-,-,-,-,-,-,-,-,,,,-32
1,T. Starling,CAN,,HOK,,450000, 34 ,,,31,-,-,-,-,-,-,-,-,-,-,-,-,-,-,-,-,-,-,-,-,-,-,-,-,,,,-33
1,S. Kris,CAN,,CTR,WFB,410000, 31 ,,,31,-,-,-,-,-,-,-,-,-,-,-,-,-,-,-,-,-,-,-,-,-,-,-,-,,,,-30
1,A. Mariota,CAN,,MID,EDG,405000, 30 ,,,30,-,-,-,-,-,-,-,-,-,-,-,-,-,-,-,-,-,-,-,-,-,-,-,-,,,,-30
1,A. Hopoate,CAN,,CTR,WFB,402000, 30 ,,,30,-,-,-,-,-,-,-,-,-,-,-,-,-,-,-,-,-,-,-,-,-,-,-,-,,,,-29
1,S. Tamale,CAN,,CTR,,300000, 22 ,,,30,-,-,-,-,-,-,-,-,-,-,-,-,-,-,-,-,-,-,-,-,-,-,-,-,,,,-22
1,S. Sasagi,CAN,,EDG,CTR,384000, 29 ,,,29,-,-,-,-,-,-,-,-,-,-,-,-,-,-,-,-,-,-,-,-,-,-,-,-,,,,-28
1,X. Savage,CAN,,WFB,,379000, 28 ,,,28,-,-,-,-,-,-,-,-,-,-,-,-,-,-,-,-,-,-,-,-,-,-,-,-,,,,-28
1,T. Mooney,CAN,,MID,,361000, 27 ,,,27,-,-,-,-,-,-,-,-,-,-,-,-,-,-,-,-,-,-,-,-,-,-,-,-,,,,-26
1,C. Harris-Tavita,WAR,,HLF,,353000, 26 ,,,26,-,-,-,-,-,-,-,-,-,-,-,-,-,-,-,-,-,-,-,-,-,-,-,-,,,,-26
1,C. Stewart,CAN,,WFB,,300000, 22 ,,,26,-,-,-,-,-,-,-,-,-,-,-,-,-,-,-,-,-,-,-,-,-,-,-,-,,,,-22
1,E. Kosi,WAR,,WFB,,300000, 22 ,,,25,-,-,-,-,-,-,-,-,-,-,-,-,-,-,-,-,-,-,-,-,-,-,-,-,,,,-22
1,D. Levi,CAN,,HOK,,314000, 23 ,,,24,-,-,-,-,-,-,-,-,-,-,-,-,-,-,-,-,-,-,-,-,-,-,-,-,,,,-23
1,F. Lussick,WAR,,HOK,,301000, 22 ,,,23,-,-,-,-,-,-,-,-,-,-,-,-,-,-,-,-,-,-,-,-,-,-,-,-,,,,-22
1,D. Vaimauga,WAR,,EDG,,297000, 22 ,,,22,-,-,-,-,-,-,-,-,-,-,-,-,-,-,-,-,-,-,-,-,-,-,-,-,,,,-22
1,B. Afoa,WAR,,MID,,286000, 21 ,,,21,-,-,-,-,-,-,-,-,-,-,-,-,-,-,-,-,-,-,-,-,-,-,-,-,,,,-21
1,J. Laban,WAR,,EDG,,284000, 21 ,,,21,-,-,-,-,-,-,-,-,-,-,-,-,-,-,-,-,-,-,-,-,-,-,-,-,,,,-21
1,T. Ale,WAR,,MID,,256000, 19 ,,,19,-,-,-,-,-,-,-,-,-,-,-,-,-,-,-,-,-,-,-,-,-,-,-,-,,,,-19
1,L. Halasima,WAR,,EDG,,250000, 19 ,,,17,-,-,-,-,-,-,-,-,-,-,-,-,-,-,-,-,-,-,-,-,-,-,-,-,,,,-18
1,P. Hola,CAN,,MID,,250000, 19 ,,,13,-,-,-,-,-,-,-,-,-,-,-,-,-,-,-,-,-,-,-,-,-,-,-,-,,,,-18
1,J. Martin,CAN,,EDG,,250000, 19 ,,,6,-,-,-,-,-,-,-,-,-,-,-,-,-,-,-,-,-,-,-,-,-,-,-,-,,,,-18
1,S. Healey,WAR,,HOK,,230000, 17 ,,,,-,-,-,-,-,-,-,-,-,-,-,-,-,-,-,-,-,-,-,-,-,-,-,-,,,,-17
1,M. Martin,CAN,,MID,,230000, 17 ,,,,-,-,-,-,-,-,-,-,-,-,-,-,-,-,-,-,-,-,-,-,-,-,-,-,,,,-17
1,M. Asomua,CAN,,WFB,,230000, 17 ,,,,-,-,-,-,-,-,-,-,-,-,-,-,-,-,-,-,-,-,-,-,-,-,-,-,,,,-17
1,V. Patuki-Case,CAN,,MID,,230000, 17 ,,,,-,-,-,-,-,-,-,-,-,-,-,-,-,-,-,-,-,-,-,-,-,-,-,-,,,,-17
1,M. Nicholson,CAN,,EDG,,450000, 34 ,,,,-,-,-,-,-,-,-,-,-,-,-,-,-,-,-,-,-,-,-,-,-,-,-,-,,,,-33
1,I. Yeo,PEN,,MID,,865000, 65 ,,,65,-,-,-,-,-,-,-,-,-,-,-,-,-,-,-,-,-,-,-,-,-,-,-,-,,,,-63
1,N. Cleary,PEN,,HLF,,880000, 66 ,,,65,-,-,-,-,-,-,-,-,-,-,-,-,-,-,-,-,-,-,-,-,-,-,-,-,,,,-64
1,N. Hynes,CRO,,HLF,,825000, 62 ,,,61,-,-,-,-,-,-,-,-,-,-,-,-,-,-,-,-,-,-,-,-,-,-,-,-,,,,-60
1,A. Fonua-Blake,CRO,,MID,,780000, 58 ,,,58,-,-,-,-,-,-,-,-,-,-,-,-,-,-,-,-,-,-,-,-,-,-,-,-,,,,-57
1,D. Edwards,PEN,,WFB,,730000, 54 ,,,55,-,-,-,-,-,-,-,-,-,-,-,-,-,-,-,-,-,-,-,-,-,-,-,-,,,,-53
1,S. Luke,PEN,,HOK,,350000, 26 ,,,54,-,-,-,-,-,-,-,-,-,-,-,-,-,-,-,-,-,-,-,-,-,-,-,-,,,,-26
1,C. McInnes,CRO,,MID,,700000, 52 ,,,52,-,-,-,-,-,-,-,-,-,-,-,-,-,-,-,-,-,-,-,-,-,-,-,-,,,,-51
1,B. Nikora,CRO,,EDG,,692000, 52 ,,,52,-,-,-,-,-,-,-,-,-,-,-,-,-,-,-,-,-,-,-,-,-,-,-,-,,,,-51
1,B. To'o,PEN,,WFB,,634000, 47 ,,,48,-,-,-,-,-,-,-,-,-,-,-,-,-,-,-,-,-,-,-,-,-,-,-,-,,,,-46
1,I. Papali'i,PEN,,EDG,,622000, 46 ,,,47,-,-,-,-,-,-,-,-,-,-,-,-,-,-,-,-,-,-,-,-,-,-,-,-,,,,-45
1,K. Iro,CRO,,CTR,,619000, 46 ,,,46,-,-,-,-,-,-,-,-,-,-,-,-,-,-,-,-,-,-,-,-,-,-,-,-,,,,-45
1,L. Smith,PEN,,MID,,600000, 45 ,,,45,-,-,-,-,-,-,-,-,-,-,-,-,-,-,-,-,-,-,-,-,-,-,-,-,,,,-44
1,T. Wilton,CRO,,EDG,,598000, 45 ,,,45,-,-,-,-,-,-,-,-,-,-,-,-,-,-,-,-,-,-,-,-,-,-,-,-,,,,-44
1,J. Ramien,CRO,,CTR,,585000, 44 ,,,44,-,-,-,-,-,-,-,-,-,-,-,-,-,-,-,-,-,-,-,-,-,-,-,-,,,,-43
1,B. Schneider,PEN,,HLF,,550000, 41 ,,,44,-,-,-,-,-,-,-,-,-,-,-,-,-,-,-,-,-,-,-,-,-,-,-,-,,,,-40
1,B. Brailey,CRO,,HOK,,582000, 43 ,,,44,-,-,-,-,-,-,-,-,-,-,-,-,-,-,-,-,-,-,-,-,-,-,-,-,,,,-42
1,L. Ison,CRO,,WFB,,350000, 26 ,,,42,-,-,-,-,-,-,-,-,-,-,-,-,-,-,-,-,-,-,-,-,-,-,-,-,,,,-26
1,R. Mulitalo,CRO,,WFB,,555000, 41 ,,,42,-,-,-,-,-,-,-,-,-,-,-,-,-,-,-,-,-,-,-,-,-,-,-,-,,,,-41
1,L. Garner,PEN,,EDG,,547000, 41 ,,,41,-,-,-,-,-,-,-,-,-,-,-,-,-,-,-,-,-,-,-,-,-,-,-,-,,,,-40
1,T. Hazelton,CRO,,MID,,545000, 41 ,,,41,-,-,-,-,-,-,-,-,-,-,-,-,-,-,-,-,-,-,-,-,-,-,-,-,,,,-40
1,L. Henry,PEN,,MID,EDG,542000, 40 ,,,41,-,-,-,-,-,-,-,-,-,-,-,-,-,-,-,-,-,-,-,-,-,-,-,-,,,,-40
1,S. Stonestreet,CRO,,WFB,,450000, 34 ,,,40,-,-,-,-,-,-,-,-,-,-,-,-,-,-,-,-,-,-,-,-,-,-,-,-,,,,-33
1,T. Rudolf,CRO,,MID,,525000, 39 ,,,39,-,-,-,-,-,-,-,-,-,-,-,-,-,-,-,-,-,-,-,-,-,-,-,-,,,,-38
1,M. Kenny,PEN,,HOK,,511000, 38 ,,,38,-,-,-,-,-,-,-,-,-,-,-,-,-,-,-,-,-,-,-,-,-,-,-,-,,,,-37
1,B. Trindall,CRO,,HLF,,510000, 38 ,,,38,-,-,-,-,-,-,-,-,-,-,-,-,-,-,-,-,-,-,-,-,-,-,-,-,,,,-37
1,P. Alamoti,PEN,,CTR,,505000, 38 ,,,38,-,-,-,-,-,-,-,-,-,-,-,-,-,-,-,-,-,-,-,-,-,-,-,-,,,,-37
1,S. Sorensen,PEN,,MID,EDG,504000, 38 ,,,38,-,-,-,-,-,-,-,-,-,-,-,-,-,-,-,-,-,-,-,-,-,-,-,-,,,,-37
1,I. Tago,PEN,,CTR,,500000, 37 ,,,37,-,-,-,-,-,-,-,-,-,-,-,-,-,-,-,-,-,-,-,-,-,-,-,-,,,,-36
1,L. Martin,PEN,,EDG,,525000, 39 ,,,37,-,-,-,-,-,-,-,-,-,-,-,-,-,-,-,-,-,-,-,-,-,-,-,-,,,,-38
1,O. Kaufusi,CRO,,MID,,493000, 37 ,,,37,-,-,-,-,-,-,-,-,-,-,-,-,-,-,-,-,-,-,-,-,-,-,-,-,,,,-36
1,S. Katoa,CRO,,WFB,,491000, 37 ,,,37,-,-,-,-,-,-,-,-,-,-,-,-,-,-,-,-,-,-,-,-,-,-,-,-,,,,-36
1,A. Kepaoa,PEN,,CTR,,400000, 30 ,,,36,-,-,-,-,-,-,-,-,-,-,-,-,-,-,-,-,-,-,-,-,-,-,-,-,,,,-29
1,B. Talagi,PEN,,WFB,,458000, 34 ,,,34,-,-,-,-,-,-,-,-,-,-,-,-,-,-,-,-,-,-,-,-,-,-,-,-,,,,-33
1,M. Hiroti,CRO,,WFB,,350000, 26 ,,,34,-,-,-,-,-,-,-,-,-,-,-,-,-,-,-,-,-,-,-,-,-,-,-,-,,,,-26
1,D. Atkinson,CRO,,HLF,WFB,449000, 34 ,,,34,-,-,-,-,-,-,-,-,-,-,-,-,-,-,-,-,-,-,-,-,-,-,-,-,,,,-33
1,C. McLean,PEN,,CTR,,446000, 33 ,,,33,-,-,-,-,-,-,-,-,-,-,-,-,-,-,-,-,-,-,-,-,-,-,-,-,,,,-33
1,J. Cole,PEN,,HLF,,250000, 19 ,,,33,-,-,-,-,-,-,-,-,-,-,-,-,-,-,-,-,-,-,-,-,-,-,-,-,,,,-18
1,L. Sommerton,PEN,,HOK,,350000, 26 ,,,33,-,-,-,-,-,-,-,-,-,-,-,-,-,-,-,-,-,-,-,-,-,-,-,-,,,,-26
1,M. Leota,PEN,,MID,,407000, 30 ,,,31,-,-,-,-,-,-,-,-,-,-,-,-,-,-,-,-,-,-,-,-,-,-,-,-,,,,-30
1,S. Talakai,CRO,,EDG,CTR,403000, 30 ,,,30,-,-,-,-,-,-,-,-,-,-,-,-,-,-,-,-,-,-,-,-,-,-,-,-,,,,-29
1,D. Laurie,PEN,,WFB,,402000, 30 ,,,30,-,-,-,-,-,-,-,-,-,-,-,-,-,-,-,-,-,-,-,-,-,-,-,-,,,,-29
1,J. McLean,PEN,,CTR,WFB,250000, 19 ,,,29,-,-,-,-,-,-,-,-,-,-,-,-,-,-,-,-,-,-,-,-,-,-,-,-,,,,-18
1,W. Kennedy,CRO,,WFB,,385000, 29 ,,,29,-,-,-,-,-,-,-,-,-,-,-,-,-,-,-,-,-,-,-,-,-,-,-,-,,,,-28
1,M. Eisenhuth,PEN,,MID,,346000, 26 ,,,26,-,-,-,-,-,-,-,-,-,-,-,-,-,-,-,-,-,-,-,-,-,-,-,-,,,,-25
1,B. Hamlin-Uele,CRO,,MID,,303000, 23 ,,,23,-,-,-,-,-,-,-,-,-,-,-,-,-,-,-,-,-,-,-,-,-,-,-,-,,,,-22
1,L. Patea,PEN,,MID,,250000, 19 ,,,22,-,-,-,-,-,-,-,-,-,-,-,-,-,-,-,-,-,-,-,-,-,-,-,-,,,,-18
1,M. Geyer,PEN,,EDG,,275000, 21 ,,,21,-,-,-,-,-,-,-,-,-,-,-,-,-,-,-,-,-,-,-,-,-,-,-,-,,,,-20
1,B. Burns,CRO,,EDG,,300000, 22 ,,,20,-,-,-,-,-,-,-,-,-,-,-,-,-,-,-,-,-,-,-,-,-,-,-,-,,,,-22
1,T. Hau Tapuha,CRO,,MID,,250000, 19 ,,,18,-,-,-,-,-,-,-,-,-,-,-,-,-,-,-,-,-,-,-,-,-,-,-,-,,,,-18
1,P. Riki,PEN,,EDG,,250000, 19 ,,,18,-,-,-,-,-,-,-,-,-,-,-,-,-,-,-,-,-,-,-,-,-,-,-,-,,,,-18
1,J. Berrell,CRO,,HOK,,250000, 19 ,,,10,-,-,-,-,-,-,-,-,-,-,-,-,-,-,-,-,-,-,-,-,-,-,-,-,,,,-18
1,H. Puru,CRO,,MID,,250000, 19 ,,,,-,-,-,-,-,-,-,-,-,-,-,-,-,-,-,-,-,-,-,-,-,-,-,-,,,,-18
1,N. Puru,CRO,,HLF,,230000, 17 ,,,,-,-,-,-,-,-,-,-,-,-,-,-,-,-,-,-,-,-,-,-,-,-,-,-,,,,-17
1,R. Price,PEN,,MID,,230000, 17 ,,,,-,-,-,-,-,-,-,-,-,-,-,-,-,-,-,-,-,-,-,-,-,-,-,-,,,,-17
1,H. Hassett,PEN,,EDG,,230000, 17 ,,,,-,-,-,-,-,-,-,-,-,-,-,-,-,-,-,-,-,-,-,-,-,-,-,-,,,,-17
1,M. Gabrael,CRO,,CTR,,230000, 17 ,,,,-,-,-,-,-,-,-,-,-,-,-,-,-,-,-,-,-,-,-,-,-,-,-,-,,,,-17
1,P. Haas,BRI,,MID,,825000, 62 ,,,61,-,-,-,-,-,-,-,-,-,-,-,-,-,-,-,-,-,-,-,-,-,-,-,-,,,,-60
1,P. Carrigan,BRI,,MID,,770000, 57 ,,,57,-,-,-,-,-,-,-,-,-,-,-,-,-,-,-,-,-,-,-,-,-,-,-,-,,,,-56
1,J. Tedesco,SYD,,WFB,,737000, 55 ,,,55,-,-,-,-,-,-,-,-,-,-,-,-,-,-,-,-,-,-,-,-,-,-,-,-,,,,-54
1,A. Crichton,SYD,,EDG,,728000, 54 ,,,55,-,-,-,-,-,-,-,-,-,-,-,-,-,-,-,-,-,-,-,-,-,-,-,-,,,,-53
1,B. Hunt,BRI,,HLF,,681000, 51 ,,,51,-,-,-,-,-,-,-,-,-,-,-,-,-,-,-,-,-,-,-,-,-,-,-,-,,,,-50
1,R. Walsh,BRI,,WFB,,700000, 52 ,,,50,-,-,-,-,-,-,-,-,-,-,-,-,-,-,-,-,-,-,-,-,-,-,-,-,,,,-51
1,C. Watson,SYD,,MID,,663000, 49 ,,,50,-,-,-,-,-,-,-,-,-,-,-,-,-,-,-,-,-,-,-,-,-,-,-,-,,,,-48
1,N. Butcher,SYD,,MID,EDG,638000, 48 ,,,48,-,-,-,-,-,-,-,-,-,-,-,-,-,-,-,-,-,-,-,-,-,-,-,-,,,,-47
1,C. Jensen,BRI,,MID,,624000, 47 ,,,47,-,-,-,-,-,-,-,-,-,-,-,-,-,-,-,-,-,-,-,-,-,-,-,-,,,,-46
1,A. Reynolds,BRI,,HLF,,622000, 46 ,,,47,-,-,-,-,-,-,-,-,-,-,-,-,-,-,-,-,-,-,-,-,-,-,-,-,,,,-45
1,V. Radley,SYD,,MID,EDG,598000, 45 ,,,45,-,-,-,-,-,-,-,-,-,-,-,-,-,-,-,-,-,-,-,-,-,-,-,-,,,,-44
1,D. Young,SYD,,WFB,,580000, 43 ,,,44,-,-,-,-,-,-,-,-,-,-,-,-,-,-,-,-,-,-,-,-,-,-,-,-,,,,-42
1,M. Nawaqanitawase,SYD,,WFB,,350000, 26 ,,,43,-,-,-,-,-,-,-,-,-,-,-,-,-,-,-,-,-,-,-,-,-,-,-,-,,,,-26
1,S. Cobbo,BRI,,CTR,WFB,549000, 41 ,,,41,-,-,-,-,-,-,-,-,-,-,-,-,-,-,-,-,-,-,-,-,-,-,-,-,,,,-40
1,D. Tupou,SYD,,WFB,,542000, 40 ,,,41,-,-,-,-,-,-,-,-,-,-,-,-,-,-,-,-,-,-,-,-,-,-,-,-,,,,-40
1,J. Riki,BRI,,EDG,,541000, 40 ,,,41,-,-,-,-,-,-,-,-,-,-,-,-,-,-,-,-,-,-,-,-,-,-,-,-,,,,-39
1,J. Madden,BRI,,HLF,,450000, 34 ,,,38,-,-,-,-,-,-,-,-,-,-,-,-,-,-,-,-,-,-,-,-,-,-,-,-,,,,-33
1,K. Staggs,BRI,,CTR,,525000, 39 ,,,37,-,-,-,-,-,-,-,-,-,-,-,-,-,-,-,-,-,-,-,-,-,-,-,-,,,,-38
1,L. Collins,SYD,,MID,,525000, 39 ,,,37,-,-,-,-,-,-,-,-,-,-,-,-,-,-,-,-,-,-,-,-,-,-,-,-,,,,-38
1,C. Townsend,SYD,,HLF,,450000, 34 ,,,36,-,-,-,-,-,-,-,-,-,-,-,-,-,-,-,-,-,-,-,-,-,-,-,-,,,,-33
1,D. Mariner,BRI,,CTR,WFB,486000, 36 ,,,36,-,-,-,-,-,-,-,-,-,-,-,-,-,-,-,-,-,-,-,-,-,-,-,-,,,,-35
1,X. Willison,BRI,,MID,EDG,485000, 36 ,,,36,-,-,-,-,-,-,-,-,-,-,-,-,-,-,-,-,-,-,-,-,-,-,-,-,,,,-35
1,S. Leniu,SYD,,MID,,459000, 34 ,,,34,-,-,-,-,-,-,-,-,-,-,-,-,-,-,-,-,-,-,-,-,-,-,-,-,,,,-34
1,T. Smoothy,BRI,,HOK,,452000, 34 ,,,34,-,-,-,-,-,-,-,-,-,-,-,-,-,-,-,-,-,-,-,-,-,-,-,-,,,,-33
1,F. Pauga,SYD,,CTR,WFB,449000, 34 ,,,34,-,-,-,-,-,-,-,-,-,-,-,-,-,-,-,-,-,-,-,-,-,-,-,-,,,,-33
1,B. Walters,BRI,,HOK,HLF,425000, 32 ,,,32,-,-,-,-,-,-,-,-,-,-,-,-,-,-,-,-,-,-,-,-,-,-,-,-,,,,-31
1,J. Rogers,BRI,,HLF,,416000, 31 ,,,31,-,-,-,-,-,-,-,-,-,-,-,-,-,-,-,-,-,-,-,-,-,-,-,-,,,,-30
1,N. Whyte,SYD,,MID,EDG,415000, 31 ,,,31,-,-,-,-,-,-,-,-,-,-,-,-,-,-,-,-,-,-,-,-,-,-,-,-,,,,-30
1,K. Hetherington,BRI,,MID,,414000, 31 ,,,31,-,-,-,-,-,-,-,-,-,-,-,-,-,-,-,-,-,-,-,-,-,-,-,-,,,,-30
1,M. Taupau,BRI,,MID,,401000, 30 ,,,30,-,-,-,-,-,-,-,-,-,-,-,-,-,-,-,-,-,-,-,-,-,-,-,-,,,,-29
1,F. Baker,BRI,,MID,,398000, 30 ,,,30,-,-,-,-,-,-,-,-,-,-,-,-,-,-,-,-,-,-,-,-,-,-,-,-,,,,-29
1,B. Piakura,BRI,,EDG,,400000, 30 ,,,30,-,-,-,-,-,-,-,-,-,-,-,-,-,-,-,-,-,-,-,-,-,-,-,-,,,,-29
1,J. Hunt,BRI,,MID,EDG,382000, 29 ,,,29,-,-,-,-,-,-,-,-,-,-,-,-,-,-,-,-,-,-,-,-,-,-,-,-,,,,-28
1,J. Arthars,BRI,,CTR,WFB,346000, 26 ,,,26,-,-,-,-,-,-,-,-,-,-,-,-,-,-,-,-,-,-,-,-,-,-,-,-,,,,-25
1,S. Wong,SYD,,EDG,,344000, 26 ,,,26,-,-,-,-,-,-,-,-,-,-,-,-,-,-,-,-,-,-,-,-,-,-,-,-,,,,-25
1,B. Te Kura,BRI,,MID,,250000, 19 ,,,22,-,-,-,-,-,-,-,-,-,-,-,-,-,-,-,-,-,-,-,-,-,-,-,-,,,,-18
1,J. Karapani,BRI,,CTR,,270000, 20 ,,,20,-,-,-,-,-,-,-,-,-,-,-,-,-,-,-,-,-,-,-,-,-,-,-,-,,,,-20
1,B. Steep,SYD,,EDG,,250000, 19 ,,,20,-,-,-,-,-,-,-,-,-,-,-,-,-,-,-,-,-,-,-,-,-,-,-,-,,,,-18
1,D. Va'a,SYD,,MID,,250000, 19 ,,,15,-,-,-,-,-,-,-,-,-,-,-,-,-,-,-,-,-,-,-,-,-,-,-,-,,,,-18
1,S. Smith,SYD,,HLF,,250000, 19 ,,,14,-,-,-,-,-,-,-,-,-,-,-,-,-,-,-,-,-,-,-,-,-,-,-,-,,,,-18
1,J. Gosiewski,BRI,,EDG,,250000, 19 ,,,14,-,-,-,-,-,-,-,-,-,-,-,-,-,-,-,-,-,-,-,-,-,-,-,-,,,,-18
1,D. Hoeter,BRI,,CTR,,437000, 33 ,,,,-,-,-,-,-,-,-,-,-,-,-,-,-,-,-,-,-,-,-,-,-,-,-,-,,,,-32
1,C. Paix,BRI,,HOK,HLF,300000, 22 ,,,,-,-,-,-,-,-,-,-,-,-,-,-,-,-,-,-,-,-,-,-,-,-,-,-,,,,-22
1,B. Smith,SYD,,CTR,,450000, 34 ,,,,-,-,-,-,-,-,-,-,-,-,-,-,-,-,-,-,-,-,-,-,-,-,-,-,,,,-33
1,T. Moriarty,SYD,,HOK,,230000, 17 ,,,,-,-,-,-,-,-,-,-,-,-,-,-,-,-,-,-,-,-,-,-,-,-,-,-,,,,-17
1,R. Toia,SYD,,CTR,,230000, 17 ,,,,-,-,-,-,-,-,-,-,-,-,-,-,-,-,-,-,-,-,-,-,-,-,-,-,,,,-17
1,T. Rodwell,SYD,,HLF,,230000, 17 ,,,,-,-,-,-,-,-,-,-,-,-,-,-,-,-,-,-,-,-,-,-,-,-,-,-,,,,-17
1,C. Black,BRI,,HLF,,230000, 17 ,,,,-,-,-,-,-,-,-,-,-,-,-,-,-,-,-,-,-,-,-,-,-,-,-,-,,,,-17
1,I. Leota,BRI,,WFB,,230000, 17 ,,,,-,-,-,-,-,-,-,-,-,-,-,-,-,-,-,-,-,-,-,-,-,-,-,-,,,,-17
1,K. Ponga,NEW,,WFB,,730000, 54 ,,,54,-,-,-,-,-,-,-,-,-,-,-,-,-,-,-,-,-,-,-,-,-,-,-,-,,,,-53
1,D. Gagai,NEW,,CTR,,691000, 52 ,,,52,-,-,-,-,-,-,-,-,-,-,-,-,-,-,-,-,-,-,-,-,-,-,-,-,,,,-50
1,L. Galvin,WST,,HLF,,695000, 52 ,,,52,-,-,-,-,-,-,-,-,-,-,-,-,-,-,-,-,-,-,-,-,-,-,-,-,,,,-51
1,D. Lucas,NEW,,EDG,CTR,672000, 50 ,,,50,-,-,-,-,-,-,-,-,-,-,-,-,-,-,-,-,-,-,-,-,-,-,-,-,,,,-49
1,T. May,WST,,MID,,670000, 50 ,,,50,-,-,-,-,-,-,-,-,-,-,-,-,-,-,-,-,-,-,-,-,-,-,-,-,,,,-49
1,J. Hastings,NEW,,HLF,,642000, 48 ,,,48,-,-,-,-,-,-,-,-,-,-,-,-,-,-,-,-,-,-,-,-,-,-,-,-,,,,-47
1,A. Elliott,NEW,,MID,,617000, 46 ,,,46,-,-,-,-,-,-,-,-,-,-,-,-,-,-,-,-,-,-,-,-,-,-,-,-,,,,-45
1,K. Pearce-Paul,NEW,,EDG,,595000, 44 ,,,45,-,-,-,-,-,-,-,-,-,-,-,-,-,-,-,-,-,-,-,-,-,-,-,-,,,,-43
1,A. Koroisau,WST,,HOK,,593000, 44 ,,,44,-,-,-,-,-,-,-,-,-,-,-,-,-,-,-,-,-,-,-,-,-,-,-,-,,,,-43
1,T. Frizell,NEW,,EDG,,589000, 44 ,,,44,-,-,-,-,-,-,-,-,-,-,-,-,-,-,-,-,-,-,-,-,-,-,-,-,,,,-43
1,J. Luai,WST,,HLF,,589000, 44 ,,,44,-,-,-,-,-,-,-,-,-,-,-,-,-,-,-,-,-,-,-,-,-,-,-,-,,,,-43
1,B. Best,NEW,,CTR,,582000, 43 ,,,44,-,-,-,-,-,-,-,-,-,-,-,-,-,-,-,-,-,-,-,-,-,-,-,-,,,,-42
1,L. Thompson,NEW,,MID,,554000, 41 ,,,42,-,-,-,-,-,-,-,-,-,-,-,-,-,-,-,-,-,-,-,-,-,-,-,-,,,,-40
1,F. Sharpe,NEW,,WFB,,550000, 41 ,,,41,-,-,-,-,-,-,-,-,-,-,-,-,-,-,-,-,-,-,-,-,-,-,-,-,,,,-40
1,J. Schiller,NEW,,CTR,WFB,500000, 37 ,,,41,-,-,-,-,-,-,-,-,-,-,-,-,-,-,-,-,-,-,-,-,-,-,-,-,,,,-36
1,J. Saifiti,NEW,,MID,,537000, 40 ,,,40,-,-,-,-,-,-,-,-,-,-,-,-,-,-,-,-,-,-,-,-,-,-,-,-,,,,-39
1,S. Fainu,WST,,MID,EDG,536000, 40 ,,,40,-,-,-,-,-,-,-,-,-,-,-,-,-,-,-,-,-,-,-,-,-,-,-,-,,,,-39
1,A. Twal,WST,,MID,,529000, 39 ,,,40,-,-,-,-,-,-,-,-,-,-,-,-,-,-,-,-,-,-,-,-,-,-,-,-,,,,-39
1,J. Skelton,WST,,WFB,,500000, 37 ,,,39,-,-,-,-,-,-,-,-,-,-,-,-,-,-,-,-,-,-,-,-,-,-,-,-,,,,-36
1,S. Turuva,WST,,WFB,,516000, 39 ,,,39,-,-,-,-,-,-,-,-,-,-,-,-,-,-,-,-,-,-,-,-,-,-,-,-,,,,-38
1,J. Brailey,NEW,,HOK,,512000, 38 ,,,38,-,-,-,-,-,-,-,-,-,-,-,-,-,-,-,-,-,-,-,-,-,-,-,-,,,,-37
1,J. Bula,WST,,WFB,,525000, 39 ,,,38,-,-,-,-,-,-,-,-,-,-,-,-,-,-,-,-,-,-,-,-,-,-,-,-,,,,-38
1,T. Gamble,NEW,,HLF,,502000, 37 ,,,38,-,-,-,-,-,-,-,-,-,-,-,-,-,-,-,-,-,-,-,-,-,-,-,-,,,,-37
1,G. Marzhew,NEW,,WFB,,481000, 36 ,,,36,-,-,-,-,-,-,-,-,-,-,-,-,-,-,-,-,-,-,-,-,-,-,-,-,,,,-35
1,A. Seyfarth,WST,,MID,,475000, 35 ,,,36,-,-,-,-,-,-,-,-,-,-,-,-,-,-,-,-,-,-,-,-,-,-,-,-,,,,-35
1,A. Doueihi,WST,,HLF,CTR,469000, 35 ,,,35,-,-,-,-,-,-,-,-,-,-,-,-,-,-,-,-,-,-,-,-,-,-,-,-,,,,-34
1,F. Pole,WST,,MID,,462000, 34 ,,,35,-,-,-,-,-,-,-,-,-,-,-,-,-,-,-,-,-,-,-,-,-,-,-,-,,,,-34
1,T. Cant,NEW,,EDG,,458000, 34 ,,,34,-,-,-,-,-,-,-,-,-,-,-,-,-,-,-,-,-,-,-,-,-,-,-,-,,,,-33
1,J. Cogger,NEW,,HLF,,453000, 34 ,,,34,-,-,-,-,-,-,-,-,-,-,-,-,-,-,-,-,-,-,-,-,-,-,-,-,,,,-33
1,D. Klemmer,WST,,MID,,439000, 33 ,,,33,-,-,-,-,-,-,-,-,-,-,-,-,-,-,-,-,-,-,-,-,-,-,-,-,,,,-32
1,W. Pryce,NEW,,HLF,WFB,350000, 26 ,,,30,-,-,-,-,-,-,-,-,-,-,-,-,-,-,-,-,-,-,-,-,-,-,-,-,,,,-26
1,J. Olam,WST,,CTR,,390000, 29 ,,,29,-,-,-,-,-,-,-,-,-,-,-,-,-,-,-,-,-,-,-,-,-,-,-,-,,,,-28
1,M. Croker,NEW,,MID,,384000, 29 ,,,29,-,-,-,-,-,-,-,-,-,-,-,-,-,-,-,-,-,-,-,-,-,-,-,-,,,,-28
1,P. Crossland,NEW,,HOK,,382000, 29 ,,,29,-,-,-,-,-,-,-,-,-,-,-,-,-,-,-,-,-,-,-,-,-,-,-,-,,,,-28
1,J. Matamua,WST,,EDG,,381000, 28 ,,,29,-,-,-,-,-,-,-,-,-,-,-,-,-,-,-,-,-,-,-,-,-,-,-,-,,,,-28
1,J. Bird,WST,,EDG,CTR,362000, 27 ,,,27,-,-,-,-,-,-,-,-,-,-,-,-,-,-,-,-,-,-,-,-,-,-,-,-,,,,-26
1,S. Fainu,WST,,MID,,358000, 27 ,,,27,-,-,-,-,-,-,-,-,-,-,-,-,-,-,-,-,-,-,-,-,-,-,-,-,,,,-26
1,B. Jones,NEW,,EDG,,343000, 26 ,,,26,-,-,-,-,-,-,-,-,-,-,-,-,-,-,-,-,-,-,-,-,-,-,-,-,,,,-25
1,T. Da Silva,WST,,HOK,,332000, 25 ,,,25,-,-,-,-,-,-,-,-,-,-,-,-,-,-,-,-,-,-,-,-,-,-,-,-,,,,-24
1,C. Staines,WST,,WFB,,330000, 25 ,,,25,-,-,-,-,-,-,-,-,-,-,-,-,-,-,-,-,-,-,-,-,-,-,-,-,,,,-24
1,J. Hetherington,NEW,,MID,,328000, 24 ,,,25,-,-,-,-,-,-,-,-,-,-,-,-,-,-,-,-,-,-,-,-,-,-,-,-,,,,-24
1,J. Feledy,WST,,CTR,,300000, 22 ,,,24,-,-,-,-,-,-,-,-,-,-,-,-,-,-,-,-,-,-,-,-,-,-,-,-,,,,-22
1,L. Laulilii,WST,,WFB,,250000, 19 ,,,22,-,-,-,-,-,-,-,-,-,-,-,-,-,-,-,-,-,-,-,-,-,-,-,-,,,,-18
1,B. Naden,WST,,CTR,WFB,277000, 21 ,,,21,-,-,-,-,-,-,-,-,-,-,-,-,-,-,-,-,-,-,-,-,-,-,-,-,,,,-20
1,R. Hunt,WST,,MID,,275000, 21 ,,,19,-,-,-,-,-,-,-,-,-,-,-,-,-,-,-,-,-,-,-,-,-,-,-,-,,,,-20
1,T. Jenkins,NEW,,WFB,,250000, 19 ,,,19,-,-,-,-,-,-,-,-,-,-,-,-,-,-,-,-,-,-,-,-,-,-,-,-,,,,-18
1,L. Fainu,WST,,HLF,,250000, 19 ,,,17,-,-,-,-,-,-,-,-,-,-,-,-,-,-,-,-,-,-,-,-,-,-,-,-,,,,-18
1,K. Laulilii,WST,,MID,,250000, 19 ,,,16,-,-,-,-,-,-,-,-,-,-,-,-,-,-,-,-,-,-,-,-,-,-,-,-,,,,-18
1,M. Arthur,NEW,,HOK,,250000, 19 ,,,13,-,-,-,-,-,-,-,-,-,-,-,-,-,-,-,-,-,-,-,-,-,-,-,-,,,,-18
1,J. Miller,WST,,MID,,250000, 19 ,,,13,-,-,-,-,-,-,-,-,-,-,-,-,-,-,-,-,-,-,-,-,-,-,-,-,,,,-18
1,S. To'a,WST,,CTR,,250000, 19 ,,,10,-,-,-,-,-,-,-,-,-,-,-,-,-,-,-,-,-,-,-,-,-,-,-,-,,,,-18
1,T. Sukkar,WST,,EDG,,250000, 19 ,,,7,-,-,-,-,-,-,-,-,-,-,-,-,-,-,-,-,-,-,-,-,-,-,-,-,,,,-18
1,S. Su'a,NEW,,MID,,250000, 19 ,,,1,-,-,-,-,-,-,-,-,-,-,-,-,-,-,-,-,-,-,-,-,-,-,-,-,,,,-18
1,B. Tumeth,WST,,EDG,,250000, 19 ,,,,-,-,-,-,-,-,-,-,-,-,-,-,-,-,-,-,-,-,-,-,-,-,-,-,,,,-18
1,S. Saukuru,WST,,EDG,,230000, 17 ,,,,-,-,-,-,-,-,-,-,-,-,-,-,-,-,-,-,-,-,-,-,-,-,-,-,,,,-17
1,P. Bryan,NEW,,MID,,230000, 17 ,,,,-,-,-,-,-,-,-,-,-,-,-,-,-,-,-,-,-,-,-,-,-,-,-,-,,,,-17
1,J. McEwen,NEW,,EDG,,230000, 17 ,,,,-,-,-,-,-,-,-,-,-,-,-,-,-,-,-,-,-,-,-,-,-,-,-,-,,,,-17
1,R. Jones,NEW,,HOK,,250000, 19 ,,,,-,-,-,-,-,-,-,-,-,-,-,-,-,-,-,-,-,-,-,-,-,-,-,-,,,,-18
1,F. Manuleleua,NEW,,EDG,,230000, 17 ,,,,-,-,-,-,-,-,-,-,-,-,-,-,-,-,-,-,-,-,-,-,-,-,-,-,,,,-17
1,T. Annan,NEW,,CTR,,230000, 17 ,,,,-,-,-,-,-,-,-,-,-,-,-,-,-,-,-,-,-,-,-,-,-,-,-,-,,,,-17
1,L. Mitchell,SOU,,WFB,,800000, 60 ,,,60,-,-,-,-,-,-,-,-,-,-,-,-,-,-,-,-,-,-,-,-,-,-,-,-,,,,-58
1,C. Murray,SOU,,MID,,737000, 55 ,,,55,-,-,-,-,-,-,-,-,-,-,-,-,-,-,-,-,-,-,-,-,-,-,-,-,,,,-54
1,H. Farnworth,DOL,,CTR,,734000, 55 ,,,55,-,-,-,-,-,-,-,-,-,-,-,-,-,-,-,-,-,-,-,-,-,-,-,-,,,,-54
1,E. Aitken,SOU,,EDG,,700000, 52 ,,,53,-,-,-,-,-,-,-,-,-,-,-,-,-,-,-,-,-,-,-,-,-,-,-,-,,,,-51
1,M. Plath,DOL,,HOK,MID,695000, 52 ,,,52,-,-,-,-,-,-,-,-,-,-,-,-,-,-,-,-,-,-,-,-,-,-,-,-,,,,-51
1,K. Koloamatangi,SOU,,MID,EDG,692000, 52 ,,,52,-,-,-,-,-,-,-,-,-,-,-,-,-,-,-,-,-,-,-,-,-,-,-,-,,,,-51
1,J. Humphreys,SOU,,HLF,,350000, 26 ,,,46,-,-,-,-,-,-,-,-,-,-,-,-,-,-,-,-,-,-,-,-,-,-,-,-,,,,-26
1,J. Arrow,SOU,,MID,EDG,607000, 45 ,,,46,-,-,-,-,-,-,-,-,-,-,-,-,-,-,-,-,-,-,-,-,-,-,-,-,,,,-44
1,H. Tabuai-Fidow,DOL,,WFB,,589000, 44 ,,,44,-,-,-,-,-,-,-,-,-,-,-,-,-,-,-,-,-,-,-,-,-,-,-,-,,,,-43
1,J. Sullivan,SOU,,HLF,,500000, 37 ,,,43,-,-,-,-,-,-,-,-,-,-,-,-,-,-,-,-,-,-,-,-,-,-,-,-,,,,-36
1,I. Katoa,DOL,,HLF,,552000, 41 ,,,41,-,-,-,-,-,-,-,-,-,-,-,-,-,-,-,-,-,-,-,-,-,-,-,-,,,,-40
1,J. Gray,SOU,,HLF,WFB,545000, 41 ,,,41,-,-,-,-,-,-,-,-,-,-,-,-,-,-,-,-,-,-,-,-,-,-,-,-,,,,-40
1,J. Wighton,SOU,,HLF,CTR,550000, 41 ,,,39,-,-,-,-,-,-,-,-,-,-,-,-,-,-,-,-,-,-,-,-,-,-,-,-,,,,-40
1,C. Walker,SOU,,HLF,,515000, 38 ,,,39,-,-,-,-,-,-,-,-,-,-,-,-,-,-,-,-,-,-,-,-,-,-,-,-,,,,-38
1,J. Isaako,DOL,,WFB,,510000, 38 ,,,38,-,-,-,-,-,-,-,-,-,-,-,-,-,-,-,-,-,-,-,-,-,-,-,-,,,,-37
1,C. Lemuelu,DOL,,EDG,,503000, 38 ,,,38,-,-,-,-,-,-,-,-,-,-,-,-,-,-,-,-,-,-,-,-,-,-,-,-,,,,-37
1,M. Nicholls,DOL,,MID,,482000, 36 ,,,36,-,-,-,-,-,-,-,-,-,-,-,-,-,-,-,-,-,-,-,-,-,-,-,-,,,,-35
1,T. Tatola,SOU,,MID,,475000, 35 ,,,35,-,-,-,-,-,-,-,-,-,-,-,-,-,-,-,-,-,-,-,-,-,-,-,-,,,,-35
1,J. Averillo,DOL,,CTR,,457000, 34 ,,,34,-,-,-,-,-,-,-,-,-,-,-,-,-,-,-,-,-,-,-,-,-,-,-,-,,,,-33
1,T. Duncan,SOU,,MID,,451000, 34 ,,,34,-,-,-,-,-,-,-,-,-,-,-,-,-,-,-,-,-,-,-,-,-,-,-,-,,,,-33
1,D. Saifiti,DOL,,MID,,448000, 33 ,,,34,-,-,-,-,-,-,-,-,-,-,-,-,-,-,-,-,-,-,-,-,-,-,-,-,,,,-33
1,F. Kaufusi,DOL,,MID,EDG,439000, 33 ,,,33,-,-,-,-,-,-,-,-,-,-,-,-,-,-,-,-,-,-,-,-,-,-,-,-,,,,-32
1,D. Moale,SOU,,MID,,432000, 32 ,,,32,-,-,-,-,-,-,-,-,-,-,-,-,-,-,-,-,-,-,-,-,-,-,-,-,,,,-32
1,R. Stone,DOL,,MID,,422000, 31 ,,,32,-,-,-,-,-,-,-,-,-,-,-,-,-,-,-,-,-,-,-,-,-,-,-,-,,,,-31
1,K. Bromwich,DOL,,MID,EDG,421000, 31 ,,,32,-,-,-,-,-,-,-,-,-,-,-,-,-,-,-,-,-,-,-,-,-,-,-,-,,,,-31
1,J. Bostock,DOL,,WFB,,414000, 31 ,,,31,-,-,-,-,-,-,-,-,-,-,-,-,-,-,-,-,-,-,-,-,-,-,-,-,,,,-30
1,K. Nikorima,DOL,,HLF,,409000, 31 ,,,31,-,-,-,-,-,-,-,-,-,-,-,-,-,-,-,-,-,-,-,-,-,-,-,-,,,,-30
1,J. Kerr,DOL,,EDG,,403000, 30 ,,,30,-,-,-,-,-,-,-,-,-,-,-,-,-,-,-,-,-,-,-,-,-,-,-,-,,,,-29
1,K. Finefeuiaki,DOL,,EDG,,400000, 30 ,,,29,-,-,-,-,-,-,-,-,-,-,-,-,-,-,-,-,-,-,-,-,-,-,-,-,,,,-29
1,S. Keppie,SOU,,MID,,390000, 29 ,,,29,-,-,-,-,-,-,-,-,-,-,-,-,-,-,-,-,-,-,-,-,-,-,-,-,,,,-28
1,J. Host,SOU,,EDG,,381000, 28 ,,,29,-,-,-,-,-,-,-,-,-,-,-,-,-,-,-,-,-,-,-,-,-,-,-,-,,,,-28
1,M. Feagai,DOL,,CTR,,375000, 28 ,,,28,-,-,-,-,-,-,-,-,-,-,-,-,-,-,-,-,-,-,-,-,-,-,-,-,,,,-27
1,J. Tupou,DOL,,WFB,,362000, 27 ,,,27,-,-,-,-,-,-,-,-,-,-,-,-,-,-,-,-,-,-,-,-,-,-,-,-,,,,-26
1,S. O'Sullivan,DOL,,HLF,,450000, 34 ,,,26,-,-,-,-,-,-,-,-,-,-,-,-,-,-,-,-,-,-,-,-,-,-,-,-,,,,-33
1,O. Keeley,DOL,,EDG,,347000, 26 ,,,26,-,-,-,-,-,-,-,-,-,-,-,-,-,-,-,-,-,-,-,-,-,-,-,-,,,,-25
1,S. Havili,SOU,,HOK,MID,342000, 26 ,,,26,-,-,-,-,-,-,-,-,-,-,-,-,-,-,-,-,-,-,-,-,-,-,-,-,,,,-25
1,T. Munro,SOU,,WFB,,300000, 22 ,,,25,-,-,-,-,-,-,-,-,-,-,-,-,-,-,-,-,-,-,-,-,-,-,-,-,,,,-22
1,P. Mamouzelos,SOU,,HOK,,319000, 24 ,,,24,-,-,-,-,-,-,-,-,-,-,-,-,-,-,-,-,-,-,-,-,-,-,-,-,,,,-23
1,S. Mitchell,SOU,,MID,,318000, 24 ,,,24,-,-,-,-,-,-,-,-,-,-,-,-,-,-,-,-,-,-,-,-,-,-,-,-,,,,-23
1,I. Tass,SOU,,CTR,,325000, 24 ,,,22,-,-,-,-,-,-,-,-,-,-,-,-,-,-,-,-,-,-,-,-,-,-,-,-,,,,-24
1,K. Donoghoe,DOL,,HLF,,250000, 19 ,,,18,-,-,-,-,-,-,-,-,-,-,-,-,-,-,-,-,-,-,-,-,-,-,-,-,,,,-18
1,L. Hubner,SOU,,MID,,250000, 19 ,,,16,-,-,-,-,-,-,-,-,-,-,-,-,-,-,-,-,-,-,-,-,-,-,-,-,,,,-18
1,M. Teague,DOL,,MID,,250000, 19 ,,,7,-,-,-,-,-,-,-,-,-,-,-,-,-,-,-,-,-,-,-,-,-,-,-,-,,,,-18
1,J. Schuster,SOU,,EDG,HLF,400000, 30 ,,,,-,-,-,-,-,-,-,-,-,-,-,-,-,-,-,-,-,-,-,-,-,-,-,-,,,,-29
1,T. Gilbert,DOL,,MID,EDG,500000, 37 ,,,,-,-,-,-,-,-,-,-,-,-,-,-,-,-,-,-,-,-,-,-,-,-,-,-,,,,-36
1,H. Graham,DOL,,HOK,,350000, 26 ,,,,-,-,-,-,-,-,-,-,-,-,-,-,-,-,-,-,-,-,-,-,-,-,-,-,,,,-26
1,J. Walsh,DOL,,EDG,,230000, 17 ,,,,-,-,-,-,-,-,-,-,-,-,-,-,-,-,-,-,-,-,-,-,-,-,-,-,,,,-17
1,T. Fletcher,SOU,,EDG,,230000, 17 ,,,,-,-,-,-,-,-,-,-,-,-,-,-,-,-,-,-,-,-,-,-,-,-,-,-,,,,-17
1,B. Lovett,SOU,,EDG,,250000, 19 ,,,,-,-,-,-,-,-,-,-,-,-,-,-,-,-,-,-,-,-,-,-,-,-,-,-,,,,-18
1,L. Dodd,SOU,,HLF,,550000, 41 ,,,,-,-,-,-,-,-,-,-,-,-,-,-,-,-,-,-,-,-,-,-,-,-,-,-,,,,-40
1,M. Waqa,DOL,,MID,,230000, 17 ,,,,-,-,-,-,-,-,-,-,-,-,-,-,-,-,-,-,-,-,-,-,-,-,-,-,,,,-17
1,H. Mellars,SOU,,WFB,,230000, 17 ,,,,-,-,-,-,-,-,-,-,-,-,-,-,-,-,-,-,-,-,-,-,-,-,-,-,,,,-17
1,D. Cook,SGI,,HOK,,757000, 56 ,,,57,-,-,-,-,-,-,-,-,-,-,-,-,-,-,-,-,-,-,-,-,-,-,-,-,,,,-55
1,M. Burton,CBY,,HLF,,709000, 53 ,,,53,-,-,-,-,-,-,-,-,-,-,-,-,-,-,-,-,-,-,-,-,-,-,-,-,,,,-52
1,J. Liddle,SGI,,HOK,,708000, 53 ,,,53,-,-,-,-,-,-,-,-,-,-,-,-,-,-,-,-,-,-,-,-,-,-,-,-,,,,-52
1,J. Preston,CBY,,EDG,,695000, 52 ,,,52,-,-,-,-,-,-,-,-,-,-,-,-,-,-,-,-,-,-,-,-,-,-,-,-,,,,-51
1,R. Mahoney,CBY,,HOK,,663000, 49 ,,,50,-,-,-,-,-,-,-,-,-,-,-,-,-,-,-,-,-,-,-,-,-,-,-,-,,,,-48
1,J. Su'A,SGI,,EDG,,661000, 49 ,,,50,-,-,-,-,-,-,-,-,-,-,-,-,-,-,-,-,-,-,-,-,-,-,-,-,,,,-48
1,M. King,CBY,,MID,,657000, 49 ,,,49,-,-,-,-,-,-,-,-,-,-,-,-,-,-,-,-,-,-,-,-,-,-,-,-,,,,-48
1,V. Holmes,SGI,,CTR,,652000, 49 ,,,49,-,-,-,-,-,-,-,-,-,-,-,-,-,-,-,-,-,-,-,-,-,-,-,-,,,,-48
1,J. Kiraz,CBY,,CTR,WFB,641000, 48 ,,,48,-,-,-,-,-,-,-,-,-,-,-,-,-,-,-,-,-,-,-,-,-,-,-,-,,,,-47
1,J. De Belin,SGI,,MID,,637000, 48 ,,,48,-,-,-,-,-,-,-,-,-,-,-,-,-,-,-,-,-,-,-,-,-,-,-,-,,,,-46
1,T. Eisenhuth,SGI,,MID,EDG,616000, 46 ,,,46,-,-,-,-,-,-,-,-,-,-,-,-,-,-,-,-,-,-,-,-,-,-,-,-,,,,-45
1,J. Curran,CBY,,MID,EDG,600000, 45 ,,,45,-,-,-,-,-,-,-,-,-,-,-,-,-,-,-,-,-,-,-,-,-,-,-,-,,,,-44
1,C. Gutherson,SGI,,WFB,,600000, 45 ,,,43,-,-,-,-,-,-,-,-,-,-,-,-,-,-,-,-,-,-,-,-,-,-,-,-,,,,-44
1,L. Leilua,SGI,,EDG,,560000, 42 ,,,42,-,-,-,-,-,-,-,-,-,-,-,-,-,-,-,-,-,-,-,-,-,-,-,-,,,,-41
1,T. Couchman,SGI,,MID,EDG,528000, 39 ,,,40,-,-,-,-,-,-,-,-,-,-,-,-,-,-,-,-,-,-,-,-,-,-,-,-,,,,-39
1,V. Kikau,CBY,,EDG,,511000, 38 ,,,38,-,-,-,-,-,-,-,-,-,-,-,-,-,-,-,-,-,-,-,-,-,-,-,-,,,,-37
1,C. Tracey,CBY,,WFB,,503000, 38 ,,,38,-,-,-,-,-,-,-,-,-,-,-,-,-,-,-,-,-,-,-,-,-,-,-,-,,,,-37
1,T. Sexton,CBY,,HLF,,497000, 37 ,,,37,-,-,-,-,-,-,-,-,-,-,-,-,-,-,-,-,-,-,-,-,-,-,-,-,,,,-36
1,K. Mann,CBY,,MID,,496000, 37 ,,,37,-,-,-,-,-,-,-,-,-,-,-,-,-,-,-,-,-,-,-,-,-,-,-,-,,,,-36
1,R. Faitala-Mariner,SGI,,MID,EDG,472000, 35 ,,,35,-,-,-,-,-,-,-,-,-,-,-,-,-,-,-,-,-,-,-,-,-,-,-,-,,,,-34
1,S. Finau,SGI,,WFB,,350000, 26 ,,,35,-,-,-,-,-,-,-,-,-,-,-,-,-,-,-,-,-,-,-,-,-,-,-,-,,,,-26
1,M. Suli,SGI,,CTR,,475000, 35 ,,,34,-,-,-,-,-,-,-,-,-,-,-,-,-,-,-,-,-,-,-,-,-,-,-,-,,,,-35
1,J. Salmon,CBY,,MID,EDG,455000, 34 ,,,34,-,-,-,-,-,-,-,-,-,-,-,-,-,-,-,-,-,-,-,-,-,-,-,-,,,,-33
1,B. Xerri,CBY,,CTR,,443000, 33 ,,,33,-,-,-,-,-,-,-,-,-,-,-,-,-,-,-,-,-,-,-,-,-,-,-,-,,,,-32
1,K. Flanagan,SGI,,HLF,,440000, 33 ,,,33,-,-,-,-,-,-,-,-,-,-,-,-,-,-,-,-,-,-,-,-,-,-,-,-,,,,-32
1,S. Crichton,CBY,,CTR,,435000, 32 ,,,33,-,-,-,-,-,-,-,-,-,-,-,-,-,-,-,-,-,-,-,-,-,-,-,-,,,,-32
1,F. Molo,SGI,,MID,,433000, 32 ,,,32,-,-,-,-,-,-,-,-,-,-,-,-,-,-,-,-,-,-,-,-,-,-,-,-,,,,-32
1,M. Molo,SGI,,MID,,427000, 32 ,,,32,-,-,-,-,-,-,-,-,-,-,-,-,-,-,-,-,-,-,-,-,-,-,-,-,,,,-31
1,H. Sele,SGI,,MID,,408000, 30 ,,,31,-,-,-,-,-,-,-,-,-,-,-,-,-,-,-,-,-,-,-,-,-,-,-,-,,,,-30
1,M. Feagai,SGI,,WFB,,401000, 30 ,,,30,-,-,-,-,-,-,-,-,-,-,-,-,-,-,-,-,-,-,-,-,-,-,-,-,,,,-29
1,S. Hughes,CBY,,MID,,389000, 29 ,,,29,-,-,-,-,-,-,-,-,-,-,-,-,-,-,-,-,-,-,-,-,-,-,-,-,,,,-28
1,B. Wilson,CBY,,WFB,,384000, 29 ,,,29,-,-,-,-,-,-,-,-,-,-,-,-,-,-,-,-,-,-,-,-,-,-,-,-,,,,-28
1,E. Guler,SGI,,MID,,380000, 28 ,,,29,-,-,-,-,-,-,-,-,-,-,-,-,-,-,-,-,-,-,-,-,-,-,-,-,,,,-28
1,M. Ravalawa,SGI,,WFB,,374000, 28 ,,,28,-,-,-,-,-,-,-,-,-,-,-,-,-,-,-,-,-,-,-,-,-,-,-,-,,,,-27
1,S. Tupouniua,CBY,,MID,EDG,400000, 30 ,,,28,-,-,-,-,-,-,-,-,-,-,-,-,-,-,-,-,-,-,-,-,-,-,-,-,,,,-29
1,B. Hayward,CBY,,MID,,369000, 28 ,,,28,-,-,-,-,-,-,-,-,-,-,-,-,-,-,-,-,-,-,-,-,-,-,-,-,,,,-27
1,R. Couchman,SGI,,EDG,,358000, 27 ,,,27,-,-,-,-,-,-,-,-,-,-,-,-,-,-,-,-,-,-,-,-,-,-,-,-,,,,-26
1,M. Montoya,CBY,,CTR,WFB,356000, 27 ,,,27,-,-,-,-,-,-,-,-,-,-,-,-,-,-,-,-,-,-,-,-,-,-,-,-,,,,-26
1,E. Tuala,CBY,,CTR,WFB,300000, 22 ,,,25,-,-,-,-,-,-,-,-,-,-,-,-,-,-,-,-,-,-,-,-,-,-,-,-,,,,-22
1,L. Ilias,SGI,,HLF,,400000, 30 ,,,24,-,-,-,-,-,-,-,-,-,-,-,-,-,-,-,-,-,-,-,-,-,-,-,-,,,,-29
1,B. Taaffe,CBY,,WFB,,317000, 24 ,,,24,-,-,-,-,-,-,-,-,-,-,-,-,-,-,-,-,-,-,-,-,-,-,-,-,,,,-23
1,K. Morrin,CBY,,MID,,308000, 23 ,,,23,-,-,-,-,-,-,-,-,-,-,-,-,-,-,-,-,-,-,-,-,-,-,-,-,,,,-22
1,J. Turpin,CBY,,HOK,,250000, 19 ,,,13,-,-,-,-,-,-,-,-,-,-,-,-,-,-,-,-,-,-,-,-,-,-,-,-,,,,-18
1,Z. Maiu'u,CBY,,EDG,,250000, 19 ,,,12,-,-,-,-,-,-,-,-,-,-,-,-,-,-,-,-,-,-,-,-,-,-,-,-,,,,-18
1,K. Kautoga,CBY,,CTR,,250000, 19 ,,,10,-,-,-,-,-,-,-,-,-,-,-,-,-,-,-,-,-,-,-,-,-,-,-,-,,,,-18
1,R. Sutton,CBY,,MID,,350000, 26 ,,,,-,-,-,-,-,-,-,-,-,-,-,-,-,-,-,-,-,-,-,-,-,-,-,-,,,,-26
1,T. Amone,CBY,,MID,,250000, 19 ,,,,-,-,-,-,-,-,-,-,-,-,-,-,-,-,-,-,-,-,-,-,-,-,-,-,,,,-18
1,D. Suluka-Fifita,CBY,,MID,,250000, 19 ,,,,-,-,-,-,-,-,-,-,-,-,-,-,-,-,-,-,-,-,-,-,-,-,-,-,,,,-18
1,C. Allan,SGI,,WFB,,300000, 22 ,,,,-,-,-,-,-,-,-,-,-,-,-,-,-,-,-,-,-,-,-,-,-,-,-,-,,,,-22
1,H. Stewart,SGI,,MID,,230000, 17 ,,,,-,-,-,-,-,-,-,-,-,-,-,-,-,-,-,-,-,-,-,-,-,-,-,-,,,,-17
1,D. Egan,SGI,,EDG,,230000, 17 ,,,,-,-,-,-,-,-,-,-,-,-,-,-,-,-,-,-,-,-,-,-,-,-,-,-,,,,-17
1,J. Todd,CBY,,MID,,230000, 17 ,,,,-,-,-,-,-,-,-,-,-,-,-,-,-,-,-,-,-,-,-,-,-,-,-,-,,,,-17
1,K. Oloapu,CBY,,HLF,,400000, 30 ,,,,-,-,-,-,-,-,-,-,-,-,-,-,-,-,-,-,-,-,-,-,-,-,-,-,,,,-29
1,M. Woods,CBY,,HLF,,230000, 17 ,,,,-,-,-,-,-,-,-,-,-,-,-,-,-,-,-,-,-,-,-,-,-,-,-,-,,,,-17
1,F. Latu,SGI,,MID,,230000, 17 ,,,,-,-,-,-,-,-,-,-,-,-,-,-,-,-,-,-,-,-,-,-,-,-,-,-,,,,-17
1,L. Pasifiki Tonga,SGI,,MID,,230000, 17 ,,,,-,-,-,-,-,-,-,-,-,-,-,-,-,-,-,-,-,-,-,-,-,-,-,-,,,,-17
1,D. Cherry-Evans,MAN,,HLF,,725000, 54 ,,,53,-,-,-,-,-,-,-,-,-,-,-,-,-,-,-,-,-,-,-,-,-,-,-,-,,,,-53
1,T. Trbojevic,MAN,,WFB,,700000, 52 ,,,53,-,-,-,-,-,-,-,-,-,-,-,-,-,-,-,-,-,-,-,-,-,-,-,-,,,,-51
1,H. Olakau'atu,MAN,,EDG,,672000, 50 ,,,50,-,-,-,-,-,-,-,-,-,-,-,-,-,-,-,-,-,-,-,-,-,-,-,-,,,,-49
1,R. Cotter,NQL,,MID,,668000, 50 ,,,50,-,-,-,-,-,-,-,-,-,-,-,-,-,-,-,-,-,-,-,-,-,-,-,-,,,,-49
1,R. Robson,NQL,,HOK,,655000, 49 ,,,49,-,-,-,-,-,-,-,-,-,-,-,-,-,-,-,-,-,-,-,-,-,-,-,-,,,,-48
1,S. Drinkwater,NQL,,WFB,,654000, 49 ,,,49,-,-,-,-,-,-,-,-,-,-,-,-,-,-,-,-,-,-,-,-,-,-,-,-,,,,-48
1,B. Burns,NQL,,CTR,WFB,500000, 37 ,,,45,-,-,-,-,-,-,-,-,-,-,-,-,-,-,-,-,-,-,-,-,-,-,-,-,,,,-36
1,J. Trbojevic,MAN,,MID,,596000, 44 ,,,45,-,-,-,-,-,-,-,-,-,-,-,-,-,-,-,-,-,-,-,-,-,-,-,-,,,,-44
1,J. Bateman,NQL,,EDG,,595000, 44 ,,,45,-,-,-,-,-,-,-,-,-,-,-,-,-,-,-,-,-,-,-,-,-,-,-,-,,,,-43
1,R. Garrick,MAN,,CTR,WFB,583000, 44 ,,,44,-,-,-,-,-,-,-,-,-,-,-,-,-,-,-,-,-,-,-,-,-,-,-,-,,,,-43
1,T. Dearden,NQL,,HLF,,580000, 43 ,,,44,-,-,-,-,-,-,-,-,-,-,-,-,-,-,-,-,-,-,-,-,-,-,-,-,,,,-42
1,J. Nanai,NQL,,EDG,,581000, 43 ,,,44,-,-,-,-,-,-,-,-,-,-,-,-,-,-,-,-,-,-,-,-,-,-,-,-,,,,-42
1,L. Brooks,MAN,,HLF,,550000, 41 ,,,41,-,-,-,-,-,-,-,-,-,-,-,-,-,-,-,-,-,-,-,-,-,-,-,-,,,,-40
1,J. Clifford,NQL,,HLF,,525000, 39 ,,,39,-,-,-,-,-,-,-,-,-,-,-,-,-,-,-,-,-,-,-,-,-,-,-,-,,,,-38
1,M. Taulagi,NQL,,WFB,,501000, 37 ,,,38,-,-,-,-,-,-,-,-,-,-,-,-,-,-,-,-,-,-,-,-,-,-,-,-,,,,-37
1,T. Paseka,MAN,,MID,,473000, 35 ,,,35,-,-,-,-,-,-,-,-,-,-,-,-,-,-,-,-,-,-,-,-,-,-,-,-,,,,-35
1,T. Talau,MAN,,CTR,WFB,465000, 35 ,,,35,-,-,-,-,-,-,-,-,-,-,-,-,-,-,-,-,-,-,-,-,-,-,-,-,,,,-34
1,G. Neame,NQL,,MID,,451000, 34 ,,,34,-,-,-,-,-,-,-,-,-,-,-,-,-,-,-,-,-,-,-,-,-,-,-,-,,,,-33
1,Z. Laybutt,NQL,,CTR,,431000, 32 ,,,32,-,-,-,-,-,-,-,-,-,-,-,-,-,-,-,-,-,-,-,-,-,-,-,-,,,,-31
1,J. McLean,NQL,,MID,,430000, 32 ,,,32,-,-,-,-,-,-,-,-,-,-,-,-,-,-,-,-,-,-,-,-,-,-,-,-,,,,-31
1,T. Koula,MAN,,CTR,WFB,424000, 32 ,,,32,-,-,-,-,-,-,-,-,-,-,-,-,-,-,-,-,-,-,-,-,-,-,-,-,,,,-31
1,T. Sipley,MAN,,MID,,423000, 32 ,,,32,-,-,-,-,-,-,-,-,-,-,-,-,-,-,-,-,-,-,-,-,-,-,-,-,,,,-31
1,J. Saab,MAN,,WFB,,422000, 31 ,,,32,-,-,-,-,-,-,-,-,-,-,-,-,-,-,-,-,-,-,-,-,-,-,-,-,,,,-31
1,S. McIntyre,NQL,,EDG,,416000, 31 ,,,31,-,-,-,-,-,-,-,-,-,-,-,-,-,-,-,-,-,-,-,-,-,-,-,-,,,,-30
1,B. Trbojevic,MAN,,EDG,CTR,415000, 31 ,,,31,-,-,-,-,-,-,-,-,-,-,-,-,-,-,-,-,-,-,-,-,-,-,-,-,,,,-30
1,N. Brown,MAN,,MID,,413000, 31 ,,,31,-,-,-,-,-,-,-,-,-,-,-,-,-,-,-,-,-,-,-,-,-,-,-,-,,,,-30
1,J. Tevaga,MAN,,MID,,412000, 31 ,,,31,-,-,-,-,-,-,-,-,-,-,-,-,-,-,-,-,-,-,-,-,-,-,-,-,,,,-30
1,C. Waddell,MAN,,MID,EDG,407000, 30 ,,,31,-,-,-,-,-,-,-,-,-,-,-,-,-,-,-,-,-,-,-,-,-,-,-,-,,,,-30
1,K. Lawton,NQL,,HOK,EDG,400000, 30 ,,,30,-,-,-,-,-,-,-,-,-,-,-,-,-,-,-,-,-,-,-,-,-,-,-,-,,,,-29
1,E. Bullemor,MAN,,MID,EDG,391000, 29 ,,,29,-,-,-,-,-,-,-,-,-,-,-,-,-,-,-,-,-,-,-,-,-,-,-,-,,,,-29
1,A. Schoupp,MAN,,CTR,,350000, 26 ,,,29,-,-,-,-,-,-,-,-,-,-,-,-,-,-,-,-,-,-,-,-,-,-,-,-,,,,-26
1,R. Tuaimalo Vaega,MAN,,WFB,,350000, 26 ,,,29,-,-,-,-,-,-,-,-,-,-,-,-,-,-,-,-,-,-,-,-,-,-,-,-,,,,-26
1,J. Aloiai,MAN,,MID,,381000, 28 ,,,29,-,-,-,-,-,-,-,-,-,-,-,-,-,-,-,-,-,-,-,-,-,-,-,-,,,,-28
1,M. Chee Kam,MAN,,EDG,CTR,375000, 28 ,,,28,-,-,-,-,-,-,-,-,-,-,-,-,-,-,-,-,-,-,-,-,-,-,-,-,,,,-27
1,S. Valemei,NQL,,WFB,,374000, 28 ,,,28,-,-,-,-,-,-,-,-,-,-,-,-,-,-,-,-,-,-,-,-,-,-,-,-,,,,-27
1,H. Edwards,NQL,,MID,,371000, 28 ,,,28,-,-,-,-,-,-,-,-,-,-,-,-,-,-,-,-,-,-,-,-,-,-,-,-,,,,-27
1,J. Simpkin,MAN,,HOK,,371000, 28 ,,,28,-,-,-,-,-,-,-,-,-,-,-,-,-,-,-,-,-,-,-,-,-,-,-,-,,,,-27
1,V. Vailea,NQL,,CTR,,363000, 27 ,,,27,-,-,-,-,-,-,-,-,-,-,-,-,-,-,-,-,-,-,-,-,-,-,-,-,,,,-26
1,T. Mikaele,NQL,,MID,,336000, 25 ,,,25,-,-,-,-,-,-,-,-,-,-,-,-,-,-,-,-,-,-,-,-,-,-,-,-,,,,-25
1,C. Faulalo,MAN,,CTR,WFB,325000, 24 ,,,24,-,-,-,-,-,-,-,-,-,-,-,-,-,-,-,-,-,-,-,-,-,-,-,-,,,,-24
1,J. Paulo,NQL,,WFB,,274000, 20 ,,,21,-,-,-,-,-,-,-,-,-,-,-,-,-,-,-,-,-,-,-,-,-,-,-,-,,,,-20
1,J. Shibasaki,NQL,,EDG,,250000, 19 ,,,16,-,-,-,-,-,-,-,-,-,-,-,-,-,-,-,-,-,-,-,-,-,-,-,-,,,,-18
1,G. Chan Kum Tong,MAN,,HOK,,250000, 19 ,,,15,-,-,-,-,-,-,-,-,-,-,-,-,-,-,-,-,-,-,-,-,-,-,-,-,,,,-18
1,A. James,MAN,,MID,,250000, 19 ,,,15,-,-,-,-,-,-,-,-,-,-,-,-,-,-,-,-,-,-,-,-,-,-,-,-,,,,-18
1,J. Purdue,NQL,,CTR,,250000, 19 ,,,14,-,-,-,-,-,-,-,-,-,-,-,-,-,-,-,-,-,-,-,-,-,-,-,-,,,,-18
1,C. Hess,NQL,,MID,EDG,475000, 35 ,,,,-,-,-,-,-,-,-,-,-,-,-,-,-,-,-,-,-,-,-,-,-,-,-,-,,,,-35
1,S. Taukeiaho,MAN,,MID,,400000, 30 ,,,,-,-,-,-,-,-,-,-,-,-,-,-,-,-,-,-,-,-,-,-,-,-,-,-,,,,-29
1,D. Matterson,MAN,,EDG,,250000, 19 ,,,,-,-,-,-,-,-,-,-,-,-,-,-,-,-,-,-,-,-,-,-,-,-,-,-,,,,-18
1,K. O'Donnell,NQL,,EDG,,250000, 19 ,,,,-,-,-,-,-,-,-,-,-,-,-,-,-,-,-,-,-,-,-,-,-,-,-,-,,,,-18
1,R. Derby,NQL,,WFB,,250000, 19 ,,,,-,-,-,-,-,-,-,-,-,-,-,-,-,-,-,-,-,-,-,-,-,-,-,-,,,,-18
1,T. Duffy,NQL,,HLF,,250000, 19 ,,,,-,-,-,-,-,-,-,-,-,-,-,-,-,-,-,-,-,-,-,-,-,-,-,-,,,,-18
1,J. Walsh,MAN,,HLF,,230000, 17 ,,,,-,-,-,-,-,-,-,-,-,-,-,-,-,-,-,-,-,-,-,-,-,-,-,-,,,,-17
1,K. Lahrs,NQL,,MID,,230000, 17 ,,,,-,-,-,-,-,-,-,-,-,-,-,-,-,-,-,-,-,-,-,-,-,-,-,-,,,,-17
1,J. Hughes,MEL,,HLF,,825000, 62 ,,,60,-,-,-,-,-,-,-,-,-,-,-,-,-,-,-,-,-,-,-,-,-,-,-,-,,,,-60
1,H. Grant,MEL,,HOK,,730000, 54 ,,,54,-,-,-,-,-,-,-,-,-,-,-,-,-,-,-,-,-,-,-,-,-,-,-,-,,,,-53
1,E. Katoa,MEL,,EDG,,700000, 52 ,,,52,-,-,-,-,-,-,-,-,-,-,-,-,-,-,-,-,-,-,-,-,-,-,-,-,,,,-51
1,A. Lisati,MEL,,EDG,,350000, 26 ,,,51,-,-,-,-,-,-,-,-,-,-,-,-,-,-,-,-,-,-,-,-,-,-,-,-,,,,-26
1,Z. Lomax,PAR,,CTR,WFB,668000, 50 ,,,50,-,-,-,-,-,-,-,-,-,-,-,-,-,-,-,-,-,-,-,-,-,-,-,-,,,,-49
1,M. Moses,PAR,,HLF,,700000, 52 ,,,49,-,-,-,-,-,-,-,-,-,-,-,-,-,-,-,-,-,-,-,-,-,-,-,-,,,,-51
1,D. Brown,PAR,,HLF,,651000, 49 ,,,49,-,-,-,-,-,-,-,-,-,-,-,-,-,-,-,-,-,-,-,-,-,-,-,-,,,,-48
1,S. Utoikamanu,MEL,,MID,,600000, 45 ,,,45,-,-,-,-,-,-,-,-,-,-,-,-,-,-,-,-,-,-,-,-,-,-,-,-,,,,-44
1,T. Loiero,MEL,,MID,EDG,600000, 45 ,,,45,-,-,-,-,-,-,-,-,-,-,-,-,-,-,-,-,-,-,-,-,-,-,-,-,,,,-44
1,B. Cartwright,PAR,,EDG,,590000, 44 ,,,44,-,-,-,-,-,-,-,-,-,-,-,-,-,-,-,-,-,-,-,-,-,-,-,-,,,,-43
1,C. Munster,MEL,,HLF,,589000, 44 ,,,44,-,-,-,-,-,-,-,-,-,-,-,-,-,-,-,-,-,-,-,-,-,-,-,-,,,,-43
1,S. Blore,MEL,,EDG,,586000, 44 ,,,44,-,-,-,-,-,-,-,-,-,-,-,-,-,-,-,-,-,-,-,-,-,-,-,-,,,,-43
1,I. Iongi,PAR,,WFB,,350000, 26 ,,,43,-,-,-,-,-,-,-,-,-,-,-,-,-,-,-,-,-,-,-,-,-,-,-,-,,,,-26
1,R. Matterson,PAR,,MID,EDG,567000, 42 ,,,42,-,-,-,-,-,-,-,-,-,-,-,-,-,-,-,-,-,-,-,-,-,-,-,-,,,,-41
1,N. Meaney,MEL,,CTR,WFB,550000, 41 ,,,41,-,-,-,-,-,-,-,-,-,-,-,-,-,-,-,-,-,-,-,-,-,-,-,-,,,,-40
1,T. Wishart,MEL,,HLF,,550000, 41 ,,,40,-,-,-,-,-,-,-,-,-,-,-,-,-,-,-,-,-,-,-,-,-,-,-,-,,,,-40
1,W. Penisini,PAR,,CTR,,535000, 40 ,,,40,-,-,-,-,-,-,-,-,-,-,-,-,-,-,-,-,-,-,-,-,-,-,-,-,,,,-39
1,R. Papenhuyzen,MEL,,WFB,,530000, 40 ,,,40,-,-,-,-,-,-,-,-,-,-,-,-,-,-,-,-,-,-,-,-,-,-,-,-,,,,-39
1,J. Paulo,PAR,,MID,,550000, 41 ,,,39,-,-,-,-,-,-,-,-,-,-,-,-,-,-,-,-,-,-,-,-,-,-,-,-,,,,-40
1,S. Lane,PAR,,EDG,,523000, 39 ,,,39,-,-,-,-,-,-,-,-,-,-,-,-,-,-,-,-,-,-,-,-,-,-,-,-,,,,-38
1,J. King,MEL,,MID,,510000, 38 ,,,38,-,-,-,-,-,-,-,-,-,-,-,-,-,-,-,-,-,-,-,-,-,-,-,-,,,,-37
1,J. Williams,PAR,,MID,,505000, 38 ,,,38,-,-,-,-,-,-,-,-,-,-,-,-,-,-,-,-,-,-,-,-,-,-,-,-,,,,-37
1,J. Ofahengaue,PAR,,MID,,490000, 37 ,,,37,-,-,-,-,-,-,-,-,-,-,-,-,-,-,-,-,-,-,-,-,-,-,-,-,,,,-36
1,J. Addo-Carr,PAR,,WFB,,468000, 35 ,,,35,-,-,-,-,-,-,-,-,-,-,-,-,-,-,-,-,-,-,-,-,-,-,-,-,,,,-34
1,C. Welch,MEL,,MID,,456000, 34 ,,,34,-,-,-,-,-,-,-,-,-,-,-,-,-,-,-,-,-,-,-,-,-,-,-,-,,,,-33
1,X. Coates,MEL,,WFB,,450000, 34 ,,,34,-,-,-,-,-,-,-,-,-,-,-,-,-,-,-,-,-,-,-,-,-,-,-,-,,,,-33
1,D. Hawkins,PAR,,HLF,,444000, 33 ,,,33,-,-,-,-,-,-,-,-,-,-,-,-,-,-,-,-,-,-,-,-,-,-,-,-,,,,-32
1,S. Faalogo,MEL,,WFB,,443000, 33 ,,,33,-,-,-,-,-,-,-,-,-,-,-,-,-,-,-,-,-,-,-,-,-,-,-,-,,,,-32
1,W. Warbrick,MEL,,WFB,,433000, 32 ,,,32,-,-,-,-,-,-,-,-,-,-,-,-,-,-,-,-,-,-,-,-,-,-,-,-,,,,-32
1,B. Simonsson,PAR,,CTR,WFB,431000, 32 ,,,32,-,-,-,-,-,-,-,-,-,-,-,-,-,-,-,-,-,-,-,-,-,-,-,-,,,,-31
1,J. Howarth,MEL,,EDG,CTR,450000, 34 ,,,32,-,-,-,-,-,-,-,-,-,-,-,-,-,-,-,-,-,-,-,-,-,-,-,-,,,,-33
1,K. Tuilagi,PAR,,EDG,,420000, 31 ,,,31,-,-,-,-,-,-,-,-,-,-,-,-,-,-,-,-,-,-,-,-,-,-,-,-,,,,-31
1,G. Anderson,MEL,,CTR,WFB,401000, 30 ,,,30,-,-,-,-,-,-,-,-,-,-,-,-,-,-,-,-,-,-,-,-,-,-,-,-,,,,-29
1,L. Moretti,PAR,,MID,,392000, 29 ,,,29,-,-,-,-,-,-,-,-,-,-,-,-,-,-,-,-,-,-,-,-,-,-,-,-,,,,-29
1,J. Pezet,MEL,,HLF,,392000, 29 ,,,29,-,-,-,-,-,-,-,-,-,-,-,-,-,-,-,-,-,-,-,-,-,-,-,-,,,,-29
1,A. MacDonald,MEL,,MID,,391000, 29 ,,,29,-,-,-,-,-,-,-,-,-,-,-,-,-,-,-,-,-,-,-,-,-,-,-,-,,,,-29
1,B. Hands,PAR,,HOK,,389000, 29 ,,,29,-,-,-,-,-,-,-,-,-,-,-,-,-,-,-,-,-,-,-,-,-,-,-,-,,,,-28
1,C. Guymer,PAR,,EDG,,300000, 22 ,,,29,-,-,-,-,-,-,-,-,-,-,-,-,-,-,-,-,-,-,-,-,-,-,-,-,,,,-22
1,T. Kamikamica,MEL,,MID,,373000, 28 ,,,28,-,-,-,-,-,-,-,-,-,-,-,-,-,-,-,-,-,-,-,-,-,-,-,-,,,,-27
1,B. Garlick,MEL,,HOK,MID,350000, 26 ,,,27,-,-,-,-,-,-,-,-,-,-,-,-,-,-,-,-,-,-,-,-,-,-,-,-,,,,-26
1,J. Lussick,PAR,,HOK,,357000, 27 ,,,27,-,-,-,-,-,-,-,-,-,-,-,-,-,-,-,-,-,-,-,-,-,-,-,-,,,,-26
1,S. Russell,PAR,,CTR,WFB,350000, 26 ,,,26,-,-,-,-,-,-,-,-,-,-,-,-,-,-,-,-,-,-,-,-,-,-,-,-,,,,-26
1,L. Vaalepu,MEL,,MID,,291000, 22 ,,,22,-,-,-,-,-,-,-,-,-,-,-,-,-,-,-,-,-,-,-,-,-,-,-,-,,,,-21
1,J. Chan,MEL,,EDG,,300000, 22 ,,,20,-,-,-,-,-,-,-,-,-,-,-,-,-,-,-,-,-,-,-,-,-,-,-,-,,,,-22
1,W. Greig,PAR,,MID,,250000, 19 ,,,17,-,-,-,-,-,-,-,-,-,-,-,-,-,-,-,-,-,-,-,-,-,-,-,-,,,,-18
1,M. Doorey,PAR,,EDG,,250000, 19 ,,,14,-,-,-,-,-,-,-,-,-,-,-,-,-,-,-,-,-,-,-,-,-,-,-,-,,,,-18
1,M. Seve,MEL,,CTR,,250000, 19 ,,,4,-,-,-,-,-,-,-,-,-,-,-,-,-,-,-,-,-,-,-,-,-,-,-,-,,,,-18
1,H. Dunster,PAR,,WFB,,250000, 19 ,,,,-,-,-,-,-,-,-,-,-,-,-,-,-,-,-,-,-,-,-,-,-,-,-,-,,,,-18
1,J. Samrani,PAR,,CTR,,230000, 17 ,,,,-,-,-,-,-,-,-,-,-,-,-,-,-,-,-,-,-,-,-,-,-,-,-,-,,,,-17
1,T. Mataele,PAR,,EDG,,230000, 17 ,,,,-,-,-,-,-,-,-,-,-,-,-,-,-,-,-,-,-,-,-,-,-,-,-,-,,,,-17
1,J. Papalii,PAR,,WFB,,230000, 17 ,,,,-,-,-,-,-,-,-,-,-,-,-,-,-,-,-,-,-,-,-,-,-,-,-,-,,,,-17
1,S. Tuivaiti,PAR,,MID,,230000, 17 ,,,,-,-,-,-,-,-,-,-,-,-,-,-,-,-,-,-,-,-,-,-,-,-,-,-,,,,-17
1,M. Leo,MEL,,WFB,,350000, 26 ,,,,-,-,-,-,-,-,-,-,-,-,-,-,-,-,-,-,-,-,-,-,-,-,-,-,,,,-26
,D. Fifita,GLD,,EDG,,780000, 58 ,,,,,,,,,,,,,,,,,,,,,,,,,,,,,,,
,J. Campbell,GLD,,HLF,WFB,722000, 54 ,,,,,,,,,,,,,,,,,,,,,,,,,,,,,,,
,B. Fermor,GLD,,EDG,CTR,665000, 50 ,,,,,,,,,,,,,,,,,,,,,,,,,,,,,,,
,K. Kini,GLD,,WFB,,654000, 49 ,,,,,,,,,,,,,,,,,,,,,,,,,,,,,,,
,J. Jolliffe,GLD,,MID,,589000, 44 ,,,,,,,,,,,,,,,,,,,,,,,,,,,,,,,
,C. Randall,GLD,,HOK,MID,577000, 43 ,,,,,,,,,,,,,,,,,,,,,,,,,,,,,,,
,M. Fotuaika,GLD,,MID,,550000, 41 ,,,,,,,,,,,,,,,,,,,,,,,,,,,,,,,
,R. Campbell-Gillard,GLD,,MID,,534000, 40 ,,,,,,,,,,,,,,,,,,,,,,,,,,,,,,,
,P. Sami,GLD,,CTR,WFB,533000, 40 ,,,,,,,,,,,,,,,,,,,,,,,,,,,,,,,
,B. Kelly,GLD,,CTR,,515000, 38 ,,,,,,,,,,,,,,,,,,,,,,,,,,,,,,,
,T. Fa'asuamaleaui,GLD,,MID,,700000, 52 ,,,,,,,,,,,,,,,,,,,,,,,,,,,,,,,
,K. Foran,GLD,,HLF,,509000, 38 ,,,,,,,,,,,,,,,,,,,,,,,,,,,,,,,
,S. Verrills,GLD,,HOK,,496000, 37 ,,,,,,,,,,,,,,,,,,,,,,,,,,,,,,,
,K. Haas,GLD,,MID,EDG,488000, 36 ,,,,,,,,,,,,,,,,,,,,,,,,,,,,,,,
,J. Fifita,GLD,,CTR,WFB,483000, 36 ,,,,,,,,,,,,,,,,,,,,,,,,,,,,,,,
,A. Brimson,GLD,,WFB,,482000, 36 ,,,,,,,,,,,,,,,,,,,,,,,,,,,,,,,
,A. Khan-Pereira,GLD,,WFB,,429000, 32 ,,,,,,,,,,,,,,,,,,,,,,,,,,,,,,,
,J. De Groot,GLD,,WFB,,300000, 22 ,,,,,,,,,,,,,,,,,,,,,,,,,,,,,,,
,J. Alick-Wiencke,GLD,,EDG,,409000, 31 ,,,,,,,,,,,,,,,,,,,,,,,,,,,,,,,
,H. Smith-Shields,GLD,,CTR,,344000, 26 ,,,,,,,,,,,,,,,,,,,,,,,,,,,,,,,
,J. Pahulu,GLD,,MID,,279000, 21 ,,,,,,,,,,,,,,,,,,,,,,,,,,,,,,,
,J. Stimson,GLD,,EDG,,250000, 19 ,,,,,,,,,,,,,,,,,,,,,,,,,,,,,,,
,T. Francis,GLD,,WFB,,250000, 19 ,,,,,,,,,,,,,,,,,,,,,,,,,,,,,,,
,I. Fa'asuamaleaui,GLD,,MID,,250000, 19 ,,,,,,,,,,,,,,,,,,,,,,,,,,,,,,,
,K. Maumalo,GLD,,WFB,,300000, 22 ,,,,,,,,,,,,,,,,,,,,,,,,,,,,,,,
,B. Liyou,GLD,,MID,,230000, 17 ,,,,,,,,,,,,,,,,,,,,,,,,,,,,,,,
,R. Foran,GLD,,EDG,,230000, 17 ,,,,,,,,,,,,,,,,,,,,,,,,,,,,,,,
,R. Williams,GLD,,HLF,,230000, 17 ,,,,,,,,,,,,,,,,,,,,,,,,,,,,,,,
,C. Gordon,GLD,,HLF,,350000, 26 ,,,,,,,,,,,,,,,,,,,,,,,,,,,,,,,