Player,name,points_last_round,avg_points,TOG,T,TS,G,FG,TA,LB,LBA,TCK,TB,MT,OFG,OFH,ER,TO,FTF,MG,KM,KD,PC,SB,SO,FDO,SAI,EFIG,name,points_last_round,avg_points,TOG,T,TS,G,FG,TA,LB,LBA,TCK,TB,MT,OFG,OFH,ER,TO,FTF,MG,KM,KD,PC,SB,SO,FDO,SAI,EFIG,name,points_last_round,avg_points,TOG,T,TS,G,FG,TA,LB,LBA,TCK,TB,MT,OFG,OFH,ER,TO,FTF,MG,KM,KD,PC,SB,SO,FDO,SAI,EFIG,name,points_last_round,avg_points,TOG,T,TS,G,FG,TA,LB,LBA,TCK,TB,MT,OFG,OFH,ER,TO,FTF,MG,KM,KD,PC,SB,SO,FDO,SAI,EFIG,name,points_last_round,avg_points,TOG,T,TS,G,FG,TA,LB,LBA,TCK,TB,MT,OFG,OFH,ER,TO,FTF,MG,KM,KD,PC,SB,SO,FDO,SAI,EFIG,name,points_last_round,avg_points,TOG,T,TS,G,FG,TA,LB,LBA,TCK,TB,MT,OFG,OFH,ER,TO,FTF,MG,KM,KD,PC,SB,SO,FDO,SAI,EFIG,name,points_last_round,avg_points,TOG,T,TS,G,FG,TA,LB,LBA,TCK,TB,MT,OFG,OFH,ER,TO,FTF,MG,KM,KD,PC,SB,SO,FDO,SAI,EFIG,name,points_last_round,avg_points,TOG,T,TS,G,FG,TA,LB,LBA,TCK,TB,MT,OFG,OFH,ER,TO,FTF,MG,KM,KD,PC,SB,SO,FDO,SAI,EFIG,name,points_last_round,avg_points,TOG,T,TS,G,FG,TA,LB,LBA,TCK,TB,MT,OFG,OFH,ER,TO,FTF,MG,KM,KD,PC,SB,SO,FDO,SAI,EFIG,name,points_last_round,avg_points,TOG,T,TS,G,FG,TA,LB,LBA,TCK,TB,MT,OFG,OFH,ER,TO,FTF,MG,KM,KD,PC,SB,SO,FDO,SAI,EFIG,name,points_last_round,avg_points,TOG,T,TS,G,FG,TA,LB,LBA,TCK,TB,MT,OFG,OFH,ER,TO,FTF,MG,KM,KD,PC,SB,SO,FDO,SAI,EFIG,name,points_last_round,avg_points,TOG,T,TS,G,FG,TA,LB,LBA,TCK,TB,MT,OFG,OFH,ER,TO,FTF,MG,KM,KD,PC,SB,SO,FDO,SAI,EFIG,name,points_last_round,avg_points,TOG,T,TS,G,FG,TA,LB,LBA,TCK,TB,MT,OFG,OFH,ER,TO,FTF,MG,KM,KD,PC,SB,SO,FDO,SAI,EFIG,name,points_last_round,avg_points,TOG,T,TS,G,FG,TA,LB,LBA,TCK,TB,MT,OFG,OFH,ER,TO,FTF,MG,KM,KD,PC,SB,SO,FDO,SAI,EFIG,name,points_last_round,avg_points,TOG,T,TS,G,FG,TA,LB,LBA,TCK,TB,MT,OFG,OFH,ER,TO,FTF,MG,KM,KD,PC,SB,SO,FDO,SAI,EFIG,name,points_last_round,avg_points,TOG,T,TS,G,FG,TA,LB,LBA,TCK,TB,MT,OFG,OFH,ER,TO,FTF,MG,KM,KD,PC,SB,SO,FDO,SAI,EFIG,name,points_last_round,avg_points,TOG,T,TS,G,FG,TA,LB,LBA,TCK,TB,MT,OFG,OFH,ER,TO,FTF,MG,KM,KD,PC,SB,SO,FDO,SAI,EFIG,name,points_last_round,avg_points,TOG,T,TS,G,FG,TA,LB,LBA,TCK,TB,MT,OFG,OFH,ER,TO,FTF,MG,KM,KD,PC,SB,SO,FDO,SAI,EFIG,name,points_last_round,avg_points,TOG,T,TS,G,FG,TA,LB,LBA,TCK,TB,MT,OFG,OFH,ER,TO,FTF,MG,KM,KD,PC,SB,SO,FDO,SAI,EFIG,name,points_last_round,avg_points,TOG,T,TS,G,FG,TA,LB,LBA,TCK,TB,MT,OFG,OFH,ER,TO,FTF,MG,KM,KD,PC,SB,SO,FDO,SAI,EFIG,name,points_last_round,avg_points,TOG,T,TS,G,FG,TA,LB,LBA,TCK,TB,MT,OFG,OFH,ER,TO,FTF,MG,KM,KD,PC,SB,SO,FDO,SAI,EFIG,name,points_last_round,avg_points,TOG,T,TS,G,FG,TA,LB,LBA,TCK,TB,MT,OFG,OFH,ER,TO,FTF,MG,KM,KD,PC,SB,SO,FDO,SAI,EFIG,name,points_last_round,avg_points,TOG,T,TS,G,FG,TA,LB,LBA,TCK,TB,MT,OFG,OFH,ER,TO,FTF,MG,KM,KD,PC,SB,SO,FDO,SAI,EFIG,name,points_last_round,avg_points,TOG,T,TS,G,FG,TA,LB,LBA,TCK,TB,MT,OFG,OFH,ER,TO,FTF,MG,KM,KD,PC,SB,SO,FDO,SAI,EFIG,name,points_last_round,avg_points,TOG,T,TS,G,FG,TA,LB,LBA,TCK,TB,MT,OFG,OFH,ER,TO,FTF,MG,KM,KD,PC,SB,SO,FDO,SAI,EFIG,name,points_last_round,avg_points,TOG,T,TS,G,FG,TA,LB,LBA,TCK,TB,MT,OFG,OFH,ER,TO,FTF,MG,KM,KD,PC,SB,SO,FDO,SAI,EFIG,name,points_last_round,avg_points,TOG,T,TS,G,FG,TA,LB,LBA,TCK,TB,MT,OFG,OFH,ER,TO,FTF,MG,KM,KD,PC,SB,SO,FDO,SAI,EFIG,name,points_last_round,avg_points,TOG,T,TS,G,FG,TA,LB,LBA,TCK,TB,MT,OFG,OFH,ER,TO,FTF,MG,KM,KD,PC,SB,SO,FDO,SAI,EFIG,name,points_last_round,avg_points,TOG,T,TS,G,FG,TA,LB,LBA,TCK,TB,MT,OFG,OFH,ER,TO,FTF,MG,KM,KD,PC,SB,SO,FDO,SAI,EFIG,name,points_last_round,avg_points,TOG,T,TS,G,FG,TA,LB,LBA,TCK,TB,MT,OFG,OFH,ER,TO,FTF,MG,KM,KD,PC,SB,SO,FDO,SAI,EFIG,name,points_last_round,avg_points,TOG,T,TS,G,FG,TA,LB,LBA,TCK,TB,MT,OFG,OFH,ER,TO,FTF,MG,KM,KD,PC,SB,SO,FDO,SAI,EFIG,name,points_last_round,avg_points,TOG,T,TS,G,FG,TA,LB,LBA,TCK,TB,MT,OFG,OFH,ER,TO,FTF,MG,KM,KD,PC,SB,SO,FDO,SAI,EFIG,name,points_last_round,avg_points,TOG,T,TS,G,FG,TA,LB,LBA,TCK,TB,MT,OFG,OFH,ER,TO,FTF,MG,KM,KD,PC,SB,SO,FDO,SAI,EFIG,name,points_last_round,avg_points,TOG,T,TS,G,FG,TA,LB,LBA,TCK,TB,MT,OFG,OFH,ER,TO,FTF,MG,KM,KD,PC,SB,SO,FDO,SAI,EFIG,name,points_last_round,avg_points,TOG,T,TS,G,FG,TA,LB,LBA,TCK,TB,MT,OFG,OFH,ER,TO,FTF,MG,KM,KD,PC,SB,SO,FDO,SAI,EFIG
W. Warbrick
MEL @ BRI | WFB
$506K  |  $59k ( $61k ), $61k ,101,32.4,,24,,,,,20,,8,16,,2,4,-2,,,29,,,,,,,,, $61k ,101,32.4,,24,,,,,20,,8,16,,2,4,-2,,,29,,,,,,,,, $61k ,101,32.4,,24,,,,,20,,8,16,,2,4,-2,,,29,,,,,,,,, $61k ,101,32.4,,24,,,,,20,,8,16,,2,4,-2,,,29,,,,,,,,, $61k ,101,32.4,,24,,,,,20,,8,16,,2,4,-2,,,29,,,,,,,,, $61k ,101,32.4,,24,,,,,20,,8,16,,2,4,-2,,,29,,,,,,,,, $61k ,101,32.4,,24,,,,,20,,8,16,,2,4,-2,,,29,,,,,,,,, $61k ,101,32.4,,24,,,,,20,,8,16,,2,4,-2,,,29,,,,,,,,, $61k ,101,32.4,,24,,,,,20,,8,16,,2,4,-2,,,29,,,,,,,,, $61k ,101,32.4,,24,,,,,20,,8,16,,2,4,-2,,,29,,,,,,,,, $61k ,101,32.4,,24,,,,,20,,8,16,,2,4,-2,,,29,,,,,,,,, $61k ,101,32.4,,24,,,,,20,,8,16,,2,4,-2,,,29,,,,,,,,, $61k ,101,32.4,,24,,,,,20,,8,16,,2,4,-2,,,29,,,,,,,,, $61k ,101,32.4,,24,,,,,20,,8,16,,2,4,-2,,,29,,,,,,,,, $61k ,101,32.4,,24,,,,,20,,8,16,,2,4,-2,,,29,,,,,,,,, $61k ,101,32.4,,24,,,,,20,,8,16,,2,4,-2,,,29,,,,,,,,, $61k ,101,32.4,,24,,,,,20,,8,16,,2,4,-2,,,29,,,,,,,,, $61k ,101,32.4,,24,,,,,20,,8,16,,2,4,-2,,,29,,,,,,,,, $61k ,101,32.4,,24,,,,,20,,8,16,,2,4,-2,,,29,,,,,,,,, $61k ,101,32.4,,24,,,,,20,,8,16,,2,4,-2,,,29,,,,,,,,, $61k ,101,32.4,,24,,,,,20,,8,16,,2,4,-2,,,29,,,,,,,,, $61k ,101,32.4,,24,,,,,20,,8,16,,2,4,-2,,,29,,,,,,,,, $61k ,101,32.4,,24,,,,,20,,8,16,,2,4,-2,,,29,,,,,,,,, $61k ,101,32.4,,24,,,,,20,,8,16,,2,4,-2,,,29,,,,,,,,, $61k ,101,32.4,,24,,,,,20,,8,16,,2,4,-2,,,29,,,,,,,,, $61k ,101,32.4,,24,,,,,20,,8,16,,2,4,-2,,,29,,,,,,,,, $61k ,101,32.4,,24,,,,,20,,8,16,,2,4,-2,,,29,,,,,,,,, $61k ,101,32.4,,24,,,,,20,,8,16,,2,4,-2,,,29,,,,,,,,, $61k ,101,32.4,,24,,,,,20,,8,16,,2,4,-2,,,29,,,,,,,,, $61k ,101,32.4,,24,,,,,20,,8,16,,2,4,-2,,,29,,,,,,,,, $61k ,101,32.4,,24,,,,,20,,8,16,,2,4,-2,,,29,,,,,,,,, $61k ,101,32.4,,24,,,,,20,,8,16,,2,4,-2,,,29,,,,,,,,, $61k ,101,32.4,,24,,,,,20,,8,16,,2,4,-2,,,29,,,,,,,,, $61k ,101,32.4,,24,,,,,20,,8,16,,2,4,-2,,,29,,,,,,,,, $61k ,101,32.4,,24,,,,,20,,8,16,,2,4,-2,,,29,,,,,,,,
J. Hughes
MEL @ BRI | HLF
$835K  |  $120k ( $68k ), $68k ,97,60.4,,24,,,,10,12,8,11,12,-4,2,,-2,,,15,9,,,,,,,, $68k ,97,60.4,,24,,,,10,12,8,11,12,-4,2,,-2,,,15,9,,,,,,,, $68k ,97,60.4,,24,,,,10,12,8,11,12,-4,2,,-2,,,15,9,,,,,,,, $68k ,97,60.4,,24,,,,10,12,8,11,12,-4,2,,-2,,,15,9,,,,,,,, $68k ,97,60.4,,24,,,,10,12,8,11,12,-4,2,,-2,,,15,9,,,,,,,, $68k ,97,60.4,,24,,,,10,12,8,11,12,-4,2,,-2,,,15,9,,,,,,,, $68k ,97,60.4,,24,,,,10,12,8,11,12,-4,2,,-2,,,15,9,,,,,,,, $68k ,97,60.4,,24,,,,10,12,8,11,12,-4,2,,-2,,,15,9,,,,,,,, $68k ,97,60.4,,24,,,,10,12,8,11,12,-4,2,,-2,,,15,9,,,,,,,, $68k ,97,60.4,,24,,,,10,12,8,11,12,-4,2,,-2,,,15,9,,,,,,,, $68k ,97,60.4,,24,,,,10,12,8,11,12,-4,2,,-2,,,15,9,,,,,,,, $68k ,97,60.4,,24,,,,10,12,8,11,12,-4,2,,-2,,,15,9,,,,,,,, $68k ,97,60.4,,24,,,,10,12,8,11,12,-4,2,,-2,,,15,9,,,,,,,, $68k ,97,60.4,,24,,,,10,12,8,11,12,-4,2,,-2,,,15,9,,,,,,,, $68k ,97,60.4,,24,,,,10,12,8,11,12,-4,2,,-2,,,15,9,,,,,,,, $68k ,97,60.4,,24,,,,10,12,8,11,12,-4,2,,-2,,,15,9,,,,,,,, $68k ,97,60.4,,24,,,,10,12,8,11,12,-4,2,,-2,,,15,9,,,,,,,, $68k ,97,60.4,,24,,,,10,12,8,11,12,-4,2,,-2,,,15,9,,,,,,,, $68k ,97,60.4,,24,,,,10,12,8,11,12,-4,2,,-2,,,15,9,,,,,,,, $68k ,97,60.4,,24,,,,10,12,8,11,12,-4,2,,-2,,,15,9,,,,,,,, $68k ,97,60.4,,24,,,,10,12,8,11,12,-4,2,,-2,,,15,9,,,,,,,, $68k ,97,60.4,,24,,,,10,12,8,11,12,-4,2,,-2,,,15,9,,,,,,,, $68k ,97,60.4,,24,,,,10,12,8,11,12,-4,2,,-2,,,15,9,,,,,,,, $68k ,97,60.4,,24,,,,10,12,8,11,12,-4,2,,-2,,,15,9,,,,,,,, $68k ,97,60.4,,24,,,,10,12,8,11,12,-4,2,,-2,,,15,9,,,,,,,, $68k ,97,60.4,,24,,,,10,12,8,11,12,-4,2,,-2,,,15,9,,,,,,,, $68k ,97,60.4,,24,,,,10,12,8,11,12,-4,2,,-2,,,15,9,,,,,,,, $68k ,97,60.4,,24,,,,10,12,8,11,12,-4,2,,-2,,,15,9,,,,,,,, $68k ,97,60.4,,24,,,,10,12,8,11,12,-4,2,,-2,,,15,9,,,,,,,, $68k ,97,60.4,,24,,,,10,12,8,11,12,-4,2,,-2,,,15,9,,,,,,,, $68k ,97,60.4,,24,,,,10,12,8,11,12,-4,2,,-2,,,15,9,,,,,,,, $68k ,97,60.4,,24,,,,10,12,8,11,12,-4,2,,-2,,,15,9,,,,,,,, $68k ,97,60.4,,24,,,,10,12,8,11,12,-4,2,,-2,,,15,9,,,,,,,, $68k ,97,60.4,,24,,,,10,12,8,11,12,-4,2,,-2,,,15,9,,,,,,,, $68k ,97,60.4,,24,,,,10,12,8,11,12,-4,2,,-2,,,15,9,,,,,,,
H. Grant
MEL @ BRI | HOK
$763K  |  -$25k ( $22k ), $22k ,63,53.8,,8,,,,,4,4,34,4,-4,,4,-2,,,9,2,,,,,,,, $22k ,63,53.8,,8,,,,,4,4,34,4,-4,,4,-2,,,9,2,,,,,,,, $22k ,63,53.8,,8,,,,,4,4,34,4,-4,,4,-2,,,9,2,,,,,,,, $22k ,63,53.8,,8,,,,,4,4,34,4,-4,,4,-2,,,9,2,,,,,,,, $22k ,63,53.8,,8,,,,,4,4,34,4,-4,,4,-2,,,9,2,,,,,,,, $22k ,63,53.8,,8,,,,,4,4,34,4,-4,,4,-2,,,9,2,,,,,,,, $22k ,63,53.8,,8,,,,,4,4,34,4,-4,,4,-2,,,9,2,,,,,,,, $22k ,63,53.8,,8,,,,,4,4,34,4,-4,,4,-2,,,9,2,,,,,,,, $22k ,63,53.8,,8,,,,,4,4,34,4,-4,,4,-2,,,9,2,,,,,,,, $22k ,63,53.8,,8,,,,,4,4,34,4,-4,,4,-2,,,9,2,,,,,,,, $22k ,63,53.8,,8,,,,,4,4,34,4,-4,,4,-2,,,9,2,,,,,,,, $22k ,63,53.8,,8,,,,,4,4,34,4,-4,,4,-2,,,9,2,,,,,,,, $22k ,63,53.8,,8,,,,,4,4,34,4,-4,,4,-2,,,9,2,,,,,,,, $22k ,63,53.8,,8,,,,,4,4,34,4,-4,,4,-2,,,9,2,,,,,,,, $22k ,63,53.8,,8,,,,,4,4,34,4,-4,,4,-2,,,9,2,,,,,,,, $22k ,63,53.8,,8,,,,,4,4,34,4,-4,,4,-2,,,9,2,,,,,,,, $22k ,63,53.8,,8,,,,,4,4,34,4,-4,,4,-2,,,9,2,,,,,,,, $22k ,63,53.8,,8,,,,,4,4,34,4,-4,,4,-2,,,9,2,,,,,,,, $22k ,63,53.8,,8,,,,,4,4,34,4,-4,,4,-2,,,9,2,,,,,,,, $22k ,63,53.8,,8,,,,,4,4,34,4,-4,,4,-2,,,9,2,,,,,,,, $22k ,63,53.8,,8,,,,,4,4,34,4,-4,,4,-2,,,9,2,,,,,,,, $22k ,63,53.8,,8,,,,,4,4,34,4,-4,,4,-2,,,9,2,,,,,,,, $22k ,63,53.8,,8,,,,,4,4,34,4,-4,,4,-2,,,9,2,,,,,,,, $22k ,63,53.8,,8,,,,,4,4,34,4,-4,,4,-2,,,9,2,,,,,,,, $22k ,63,53.8,,8,,,,,4,4,34,4,-4,,4,-2,,,9,2,,,,,,,, $22k ,63,53.8,,8,,,,,4,4,34,4,-4,,4,-2,,,9,2,,,,,,,, $22k ,63,53.8,,8,,,,,4,4,34,4,-4,,4,-2,,,9,2,,,,,,,, $22k ,63,53.8,,8,,,,,4,4,34,4,-4,,4,-2,,,9,2,,,,,,,, $22k ,63,53.8,,8,,,,,4,4,34,4,-4,,4,-2,,,9,2,,,,,,,, $22k ,63,53.8,,8,,,,,4,4,34,4,-4,,4,-2,,,9,2,,,,,,,, $22k ,63,53.8,,8,,,,,4,4,34,4,-4,,4,-2,,,9,2,,,,,,,, $22k ,63,53.8,,8,,,,,4,4,34,4,-4,,4,-2,,,9,2,,,,,,,, $22k ,63,53.8,,8,,,,,4,4,34,4,-4,,4,-2,,,9,2,,,,,,,, $22k ,63,53.8,,8,,,,,4,4,34,4,-4,,4,-2,,,9,2,,,,,,,, $22k ,63,53.8,,8,,,,,4,4,34,4,-4,,4,-2,,,9,2,,,,,,,
E. Katoa
MEL @ BRI | EDG
$661K  |  $22k ( $23k ), $23k ,54,52.2,,8,,,,,4,,23,12,-2,,4,-2,,,16,,,-2,-5,,,-2,, $23k ,54,52.2,,8,,,,,4,,23,12,-2,,4,-2,,,16,,,-2,-5,,,-2,, $23k ,54,52.2,,8,,,,,4,,23,12,-2,,4,-2,,,16,,,-2,-5,,,-2,, $23k ,54,52.2,,8,,,,,4,,23,12,-2,,4,-2,,,16,,,-2,-5,,,-2,, $23k ,54,52.2,,8,,,,,4,,23,12,-2,,4,-2,,,16,,,-2,-5,,,-2,, $23k ,54,52.2,,8,,,,,4,,23,12,-2,,4,-2,,,16,,,-2,-5,,,-2,, $23k ,54,52.2,,8,,,,,4,,23,12,-2,,4,-2,,,16,,,-2,-5,,,-2,, $23k ,54,52.2,,8,,,,,4,,23,12,-2,,4,-2,,,16,,,-2,-5,,,-2,, $23k ,54,52.2,,8,,,,,4,,23,12,-2,,4,-2,,,16,,,-2,-5,,,-2,, $23k ,54,52.2,,8,,,,,4,,23,12,-2,,4,-2,,,16,,,-2,-5,,,-2,, $23k ,54,52.2,,8,,,,,4,,23,12,-2,,4,-2,,,16,,,-2,-5,,,-2,, $23k ,54,52.2,,8,,,,,4,,23,12,-2,,4,-2,,,16,,,-2,-5,,,-2,, $23k ,54,52.2,,8,,,,,4,,23,12,-2,,4,-2,,,16,,,-2,-5,,,-2,, $23k ,54,52.2,,8,,,,,4,,23,12,-2,,4,-2,,,16,,,-2,-5,,,-2,, $23k ,54,52.2,,8,,,,,4,,23,12,-2,,4,-2,,,16,,,-2,-5,,,-2,, $23k ,54,52.2,,8,,,,,4,,23,12,-2,,4,-2,,,16,,,-2,-5,,,-2,, $23k ,54,52.2,,8,,,,,4,,23,12,-2,,4,-2,,,16,,,-2,-5,,,-2,, $23k ,54,52.2,,8,,,,,4,,23,12,-2,,4,-2,,,16,,,-2,-5,,,-2,, $23k ,54,52.2,,8,,,,,4,,23,12,-2,,4,-2,,,16,,,-2,-5,,,-2,, $23k ,54,52.2,,8,,,,,4,,23,12,-2,,4,-2,,,16,,,-2,-5,,,-2,, $23k ,54,52.2,,8,,,,,4,,23,12,-2,,4,-2,,,16,,,-2,-5,,,-2,, $23k ,54,52.2,,8,,,,,4,,23,12,-2,,4,-2,,,16,,,-2,-5,,,-2,, $23k ,54,52.2,,8,,,,,4,,23,12,-2,,4,-2,,,16,,,-2,-5,,,-2,, $23k ,54,52.2,,8,,,,,4,,23,12,-2,,4,-2,,,16,,,-2,-5,,,-2,, $23k ,54,52.2,,8,,,,,4,,23,12,-2,,4,-2,,,16,,,-2,-5,,,-2,, $23k ,54,52.2,,8,,,,,4,,23,12,-2,,4,-2,,,16,,,-2,-5,,,-2,, $23k ,54,52.2,,8,,,,,4,,23,12,-2,,4,-2,,,16,,,-2,-5,,,-2,, $23k ,54,52.2,,8,,,,,4,,23,12,-2,,4,-2,,,16,,,-2,-5,,,-2,, $23k ,54,52.2,,8,,,,,4,,23,12,-2,,4,-2,,,16,,,-2,-5,,,-2,, $23k ,54,52.2,,8,,,,,4,,23,12,-2,,4,-2,,,16,,,-2,-5,,,-2,, $23k ,54,52.2,,8,,,,,4,,23,12,-2,,4,-2,,,16,,,-2,-5,,,-2,, $23k ,54,52.2,,8,,,,,4,,23,12,-2,,4,-2,,,16,,,-2,-5,,,-2,, $23k ,54,52.2,,8,,,,,4,,23,12,-2,,4,-2,,,16,,,-2,-5,,,-2,, $23k ,54,52.2,,8,,,,,4,,23,12,-2,,4,-2,,,16,,,-2,-5,,,-2,, $23k ,54,52.2,,8,,,,,4,,23,12,-2,,4,-2,,,16,,,-2,-5,,,-2,
C. Jensen
BRI v MEL | MID
$729K  |  $263k ( $11k ), $11k ,52,46.8,,,,,,,,,42,,-2,,,,4,,8,,,,,,,,, $11k ,52,46.8,,,,,,,,,42,,-2,,,,4,,8,,,,,,,,, $11k ,52,46.8,,,,,,,,,42,,-2,,,,4,,8,,,,,,,,, $11k ,52,46.8,,,,,,,,,42,,-2,,,,4,,8,,,,,,,,, $11k ,52,46.8,,,,,,,,,42,,-2,,,,4,,8,,,,,,,,, $11k ,52,46.8,,,,,,,,,42,,-2,,,,4,,8,,,,,,,,, $11k ,52,46.8,,,,,,,,,42,,-2,,,,4,,8,,,,,,,,, $11k ,52,46.8,,,,,,,,,42,,-2,,,,4,,8,,,,,,,,, $11k ,52,46.8,,,,,,,,,42,,-2,,,,4,,8,,,,,,,,, $11k ,52,46.8,,,,,,,,,42,,-2,,,,4,,8,,,,,,,,, $11k ,52,46.8,,,,,,,,,42,,-2,,,,4,,8,,,,,,,,, $11k ,52,46.8,,,,,,,,,42,,-2,,,,4,,8,,,,,,,,, $11k ,52,46.8,,,,,,,,,42,,-2,,,,4,,8,,,,,,,,, $11k ,52,46.8,,,,,,,,,42,,-2,,,,4,,8,,,,,,,,, $11k ,52,46.8,,,,,,,,,42,,-2,,,,4,,8,,,,,,,,, $11k ,52,46.8,,,,,,,,,42,,-2,,,,4,,8,,,,,,,,, $11k ,52,46.8,,,,,,,,,42,,-2,,,,4,,8,,,,,,,,, $11k ,52,46.8,,,,,,,,,42,,-2,,,,4,,8,,,,,,,,, $11k ,52,46.8,,,,,,,,,42,,-2,,,,4,,8,,,,,,,,, $11k ,52,46.8,,,,,,,,,42,,-2,,,,4,,8,,,,,,,,, $11k ,52,46.8,,,,,,,,,42,,-2,,,,4,,8,,,,,,,,, $11k ,52,46.8,,,,,,,,,42,,-2,,,,4,,8,,,,,,,,, $11k ,52,46.8,,,,,,,,,42,,-2,,,,4,,8,,,,,,,,, $11k ,52,46.8,,,,,,,,,42,,-2,,,,4,,8,,,,,,,,, $11k ,52,46.8,,,,,,,,,42,,-2,,,,4,,8,,,,,,,,, $11k ,52,46.8,,,,,,,,,42,,-2,,,,4,,8,,,,,,,,, $11k ,52,46.8,,,,,,,,,42,,-2,,,,4,,8,,,,,,,,, $11k ,52,46.8,,,,,,,,,42,,-2,,,,4,,8,,,,,,,,, $11k ,52,46.8,,,,,,,,,42,,-2,,,,4,,8,,,,,,,,, $11k ,52,46.8,,,,,,,,,42,,-2,,,,4,,8,,,,,,,,, $11k ,52,46.8,,,,,,,,,42,,-2,,,,4,,8,,,,,,,,, $11k ,52,46.8,,,,,,,,,42,,-2,,,,4,,8,,,,,,,,, $11k ,52,46.8,,,,,,,,,42,,-2,,,,4,,8,,,,,,,,, $11k ,52,46.8,,,,,,,,,42,,-2,,,,4,,8,,,,,,,,, $11k ,52,46.8,,,,,,,,,42,,-2,,,,4,,8,,,,,,,,
C. Munster
MEL @ BRI | HLF
$563K  |  -$191k ( $17k ), $17k ,47,44.1,,,,,,,,,21,6,-2,,8,-2,,,10,1,1,,,,2,,2, $17k ,47,44.1,,,,,,,,,21,6,-2,,8,-2,,,10,1,1,,,,2,,2, $17k ,47,44.1,,,,,,,,,21,6,-2,,8,-2,,,10,1,1,,,,2,,2, $17k ,47,44.1,,,,,,,,,21,6,-2,,8,-2,,,10,1,1,,,,2,,2, $17k ,47,44.1,,,,,,,,,21,6,-2,,8,-2,,,10,1,1,,,,2,,2, $17k ,47,44.1,,,,,,,,,21,6,-2,,8,-2,,,10,1,1,,,,2,,2, $17k ,47,44.1,,,,,,,,,21,6,-2,,8,-2,,,10,1,1,,,,2,,2, $17k ,47,44.1,,,,,,,,,21,6,-2,,8,-2,,,10,1,1,,,,2,,2, $17k ,47,44.1,,,,,,,,,21,6,-2,,8,-2,,,10,1,1,,,,2,,2, $17k ,47,44.1,,,,,,,,,21,6,-2,,8,-2,,,10,1,1,,,,2,,2, $17k ,47,44.1,,,,,,,,,21,6,-2,,8,-2,,,10,1,1,,,,2,,2, $17k ,47,44.1,,,,,,,,,21,6,-2,,8,-2,,,10,1,1,,,,2,,2, $17k ,47,44.1,,,,,,,,,21,6,-2,,8,-2,,,10,1,1,,,,2,,2, $17k ,47,44.1,,,,,,,,,21,6,-2,,8,-2,,,10,1,1,,,,2,,2, $17k ,47,44.1,,,,,,,,,21,6,-2,,8,-2,,,10,1,1,,,,2,,2, $17k ,47,44.1,,,,,,,,,21,6,-2,,8,-2,,,10,1,1,,,,2,,2, $17k ,47,44.1,,,,,,,,,21,6,-2,,8,-2,,,10,1,1,,,,2,,2, $17k ,47,44.1,,,,,,,,,21,6,-2,,8,-2,,,10,1,1,,,,2,,2, $17k ,47,44.1,,,,,,,,,21,6,-2,,8,-2,,,10,1,1,,,,2,,2, $17k ,47,44.1,,,,,,,,,21,6,-2,,8,-2,,,10,1,1,,,,2,,2, $17k ,47,44.1,,,,,,,,,21,6,-2,,8,-2,,,10,1,1,,,,2,,2, $17k ,47,44.1,,,,,,,,,21,6,-2,,8,-2,,,10,1,1,,,,2,,2, $17k ,47,44.1,,,,,,,,,21,6,-2,,8,-2,,,10,1,1,,,,2,,2, $17k ,47,44.1,,,,,,,,,21,6,-2,,8,-2,,,10,1,1,,,,2,,2, $17k ,47,44.1,,,,,,,,,21,6,-2,,8,-2,,,10,1,1,,,,2,,2, $17k ,47,44.1,,,,,,,,,21,6,-2,,8,-2,,,10,1,1,,,,2,,2, $17k ,47,44.1,,,,,,,,,21,6,-2,,8,-2,,,10,1,1,,,,2,,2, $17k ,47,44.1,,,,,,,,,21,6,-2,,8,-2,,,10,1,1,,,,2,,2, $17k ,47,44.1,,,,,,,,,21,6,-2,,8,-2,,,10,1,1,,,,2,,2, $17k ,47,44.1,,,,,,,,,21,6,-2,,8,-2,,,10,1,1,,,,2,,2, $17k ,47,44.1,,,,,,,,,21,6,-2,,8,-2,,,10,1,1,,,,2,,2, $17k ,47,44.1,,,,,,,,,21,6,-2,,8,-2,,,10,1,1,,,,2,,2, $17k ,47,44.1,,,,,,,,,21,6,-2,,8,-2,,,10,1,1,,,,2,,2, $17k ,47,44.1,,,,,,,,,21,6,-2,,8,-2,,,10,1,1,,,,2,,2, $17k ,47,44.1,,,,,,,,,21,6,-2,,8,-2,,,10,1,1,,,,2,,2
N. Meaney
MEL @ BRI | WFB, CTR
$564K  |  -$55k ( $13k ), $13k ,45,41.2,,,,14,,5,,2,15,6,-6,,,-4,,,12,,1,,,,,,, $13k ,45,41.2,,,,14,,5,,2,15,6,-6,,,-4,,,12,,1,,,,,,, $13k ,45,41.2,,,,14,,5,,2,15,6,-6,,,-4,,,12,,1,,,,,,, $13k ,45,41.2,,,,14,,5,,2,15,6,-6,,,-4,,,12,,1,,,,,,, $13k ,45,41.2,,,,14,,5,,2,15,6,-6,,,-4,,,12,,1,,,,,,, $13k ,45,41.2,,,,14,,5,,2,15,6,-6,,,-4,,,12,,1,,,,,,, $13k ,45,41.2,,,,14,,5,,2,15,6,-6,,,-4,,,12,,1,,,,,,, $13k ,45,41.2,,,,14,,5,,2,15,6,-6,,,-4,,,12,,1,,,,,,, $13k ,45,41.2,,,,14,,5,,2,15,6,-6,,,-4,,,12,,1,,,,,,, $13k ,45,41.2,,,,14,,5,,2,15,6,-6,,,-4,,,12,,1,,,,,,, $13k ,45,41.2,,,,14,,5,,2,15,6,-6,,,-4,,,12,,1,,,,,,, $13k ,45,41.2,,,,14,,5,,2,15,6,-6,,,-4,,,12,,1,,,,,,, $13k ,45,41.2,,,,14,,5,,2,15,6,-6,,,-4,,,12,,1,,,,,,, $13k ,45,41.2,,,,14,,5,,2,15,6,-6,,,-4,,,12,,1,,,,,,, $13k ,45,41.2,,,,14,,5,,2,15,6,-6,,,-4,,,12,,1,,,,,,, $13k ,45,41.2,,,,14,,5,,2,15,6,-6,,,-4,,,12,,1,,,,,,, $13k ,45,41.2,,,,14,,5,,2,15,6,-6,,,-4,,,12,,1,,,,,,, $13k ,45,41.2,,,,14,,5,,2,15,6,-6,,,-4,,,12,,1,,,,,,, $13k ,45,41.2,,,,14,,5,,2,15,6,-6,,,-4,,,12,,1,,,,,,, $13k ,45,41.2,,,,14,,5,,2,15,6,-6,,,-4,,,12,,1,,,,,,, $13k ,45,41.2,,,,14,,5,,2,15,6,-6,,,-4,,,12,,1,,,,,,, $13k ,45,41.2,,,,14,,5,,2,15,6,-6,,,-4,,,12,,1,,,,,,, $13k ,45,41.2,,,,14,,5,,2,15,6,-6,,,-4,,,12,,1,,,,,,, $13k ,45,41.2,,,,14,,5,,2,15,6,-6,,,-4,,,12,,1,,,,,,, $13k ,45,41.2,,,,14,,5,,2,15,6,-6,,,-4,,,12,,1,,,,,,, $13k ,45,41.2,,,,14,,5,,2,15,6,-6,,,-4,,,12,,1,,,,,,, $13k ,45,41.2,,,,14,,5,,2,15,6,-6,,,-4,,,12,,1,,,,,,, $13k ,45,41.2,,,,14,,5,,2,15,6,-6,,,-4,,,12,,1,,,,,,, $13k ,45,41.2,,,,14,,5,,2,15,6,-6,,,-4,,,12,,1,,,,,,, $13k ,45,41.2,,,,14,,5,,2,15,6,-6,,,-4,,,12,,1,,,,,,, $13k ,45,41.2,,,,14,,5,,2,15,6,-6,,,-4,,,12,,1,,,,,,, $13k ,45,41.2,,,,14,,5,,2,15,6,-6,,,-4,,,12,,1,,,,,,, $13k ,45,41.2,,,,14,,5,,2,15,6,-6,,,-4,,,12,,1,,,,,,, $13k ,45,41.2,,,,14,,5,,2,15,6,-6,,,-4,,,12,,1,,,,,,, $13k ,45,41.2,,,,14,,5,,2,15,6,-6,,,-4,,,12,,1,,,,,,
S. Fa'alogo
MEL @ BRI | WFB
$395K  |  -$5k ( $19k ), $19k ,43,33.2,,,,,,10,4,2,2,2,-2,,,,,,20,,3,,,,,,2, $19k ,43,33.2,,,,,,10,4,2,2,2,-2,,,,,,20,,3,,,,,,2, $19k ,43,33.2,,,,,,10,4,2,2,2,-2,,,,,,20,,3,,,,,,2, $19k ,43,33.2,,,,,,10,4,2,2,2,-2,,,,,,20,,3,,,,,,2, $19k ,43,33.2,,,,,,10,4,2,2,2,-2,,,,,,20,,3,,,,,,2, $19k ,43,33.2,,,,,,10,4,2,2,2,-2,,,,,,20,,3,,,,,,2, $19k ,43,33.2,,,,,,10,4,2,2,2,-2,,,,,,20,,3,,,,,,2, $19k ,43,33.2,,,,,,10,4,2,2,2,-2,,,,,,20,,3,,,,,,2, $19k ,43,33.2,,,,,,10,4,2,2,2,-2,,,,,,20,,3,,,,,,2, $19k ,43,33.2,,,,,,10,4,2,2,2,-2,,,,,,20,,3,,,,,,2, $19k ,43,33.2,,,,,,10,4,2,2,2,-2,,,,,,20,,3,,,,,,2, $19k ,43,33.2,,,,,,10,4,2,2,2,-2,,,,,,20,,3,,,,,,2, $19k ,43,33.2,,,,,,10,4,2,2,2,-2,,,,,,20,,3,,,,,,2, $19k ,43,33.2,,,,,,10,4,2,2,2,-2,,,,,,20,,3,,,,,,2, $19k ,43,33.2,,,,,,10,4,2,2,2,-2,,,,,,20,,3,,,,,,2, $19k ,43,33.2,,,,,,10,4,2,2,2,-2,,,,,,20,,3,,,,,,2, $19k ,43,33.2,,,,,,10,4,2,2,2,-2,,,,,,20,,3,,,,,,2, $19k ,43,33.2,,,,,,10,4,2,2,2,-2,,,,,,20,,3,,,,,,2, $19k ,43,33.2,,,,,,10,4,2,2,2,-2,,,,,,20,,3,,,,,,2, $19k ,43,33.2,,,,,,10,4,2,2,2,-2,,,,,,20,,3,,,,,,2, $19k ,43,33.2,,,,,,10,4,2,2,2,-2,,,,,,20,,3,,,,,,2, $19k ,43,33.2,,,,,,10,4,2,2,2,-2,,,,,,20,,3,,,,,,2, $19k ,43,33.2,,,,,,10,4,2,2,2,-2,,,,,,20,,3,,,,,,2, $19k ,43,33.2,,,,,,10,4,2,2,2,-2,,,,,,20,,3,,,,,,2, $19k ,43,33.2,,,,,,10,4,2,2,2,-2,,,,,,20,,3,,,,,,2, $19k ,43,33.2,,,,,,10,4,2,2,2,-2,,,,,,20,,3,,,,,,2, $19k ,43,33.2,,,,,,10,4,2,2,2,-2,,,,,,20,,3,,,,,,2, $19k ,43,33.2,,,,,,10,4,2,2,2,-2,,,,,,20,,3,,,,,,2, $19k ,43,33.2,,,,,,10,4,2,2,2,-2,,,,,,20,,3,,,,,,2, $19k ,43,33.2,,,,,,10,4,2,2,2,-2,,,,,,20,,3,,,,,,2, $19k ,43,33.2,,,,,,10,4,2,2,2,-2,,,,,,20,,3,,,,,,2, $19k ,43,33.2,,,,,,10,4,2,2,2,-2,,,,,,20,,3,,,,,,2, $19k ,43,33.2,,,,,,10,4,2,2,2,-2,,,,,,20,,3,,,,,,2, $19k ,43,33.2,,,,,,10,4,2,2,2,-2,,,,,,20,,3,,,,,,2, $19k ,43,33.2,,,,,,10,4,2,2,2,-2,,,,,,20,,3,,,,,,2
A. Reynolds
BRI v MEL | HLF
$635K  |  -$70k ( $4k ), $4k ,41,46.6,,,,4,,,,,17,,-6,,,,8,,4,14,,,,,,,, $4k ,41,46.6,,,,4,,,,,17,,-6,,,,8,,4,14,,,,,,,, $4k ,41,46.6,,,,4,,,,,17,,-6,,,,8,,4,14,,,,,,,, $4k ,41,46.6,,,,4,,,,,17,,-6,,,,8,,4,14,,,,,,,, $4k ,41,46.6,,,,4,,,,,17,,-6,,,,8,,4,14,,,,,,,, $4k ,41,46.6,,,,4,,,,,17,,-6,,,,8,,4,14,,,,,,,, $4k ,41,46.6,,,,4,,,,,17,,-6,,,,8,,4,14,,,,,,,, $4k ,41,46.6,,,,4,,,,,17,,-6,,,,8,,4,14,,,,,,,, $4k ,41,46.6,,,,4,,,,,17,,-6,,,,8,,4,14,,,,,,,, $4k ,41,46.6,,,,4,,,,,17,,-6,,,,8,,4,14,,,,,,,, $4k ,41,46.6,,,,4,,,,,17,,-6,,,,8,,4,14,,,,,,,, $4k ,41,46.6,,,,4,,,,,17,,-6,,,,8,,4,14,,,,,,,, $4k ,41,46.6,,,,4,,,,,17,,-6,,,,8,,4,14,,,,,,,, $4k ,41,46.6,,,,4,,,,,17,,-6,,,,8,,4,14,,,,,,,, $4k ,41,46.6,,,,4,,,,,17,,-6,,,,8,,4,14,,,,,,,, $4k ,41,46.6,,,,4,,,,,17,,-6,,,,8,,4,14,,,,,,,, $4k ,41,46.6,,,,4,,,,,17,,-6,,,,8,,4,14,,,,,,,, $4k ,41,46.6,,,,4,,,,,17,,-6,,,,8,,4,14,,,,,,,, $4k ,41,46.6,,,,4,,,,,17,,-6,,,,8,,4,14,,,,,,,, $4k ,41,46.6,,,,4,,,,,17,,-6,,,,8,,4,14,,,,,,,, $4k ,41,46.6,,,,4,,,,,17,,-6,,,,8,,4,14,,,,,,,, $4k ,41,46.6,,,,4,,,,,17,,-6,,,,8,,4,14,,,,,,,, $4k ,41,46.6,,,,4,,,,,17,,-6,,,,8,,4,14,,,,,,,, $4k ,41,46.6,,,,4,,,,,17,,-6,,,,8,,4,14,,,,,,,, $4k ,41,46.6,,,,4,,,,,17,,-6,,,,8,,4,14,,,,,,,, $4k ,41,46.6,,,,4,,,,,17,,-6,,,,8,,4,14,,,,,,,, $4k ,41,46.6,,,,4,,,,,17,,-6,,,,8,,4,14,,,,,,,, $4k ,41,46.6,,,,4,,,,,17,,-6,,,,8,,4,14,,,,,,,, $4k ,41,46.6,,,,4,,,,,17,,-6,,,,8,,4,14,,,,,,,, $4k ,41,46.6,,,,4,,,,,17,,-6,,,,8,,4,14,,,,,,,, $4k ,41,46.6,,,,4,,,,,17,,-6,,,,8,,4,14,,,,,,,, $4k ,41,46.6,,,,4,,,,,17,,-6,,,,8,,4,14,,,,,,,, $4k ,41,46.6,,,,4,,,,,17,,-6,,,,8,,4,14,,,,,,,, $4k ,41,46.6,,,,4,,,,,17,,-6,,,,8,,4,14,,,,,,,, $4k ,41,46.6,,,,4,,,,,17,,-6,,,,8,,4,14,,,,,,,
P. Carrigan
BRI v MEL | MID
$774K  |  -$17k ( -$6k ), -$6k ,40,57.4,,,,,,,,,27,4,-4,2,,,,,13,,,-2,,,,,, -$6k ,40,57.4,,,,,,,,,27,4,-4,2,,,,,13,,,-2,,,,,, -$6k ,40,57.4,,,,,,,,,27,4,-4,2,,,,,13,,,-2,,,,,, -$6k ,40,57.4,,,,,,,,,27,4,-4,2,,,,,13,,,-2,,,,,, -$6k ,40,57.4,,,,,,,,,27,4,-4,2,,,,,13,,,-2,,,,,, -$6k ,40,57.4,,,,,,,,,27,4,-4,2,,,,,13,,,-2,,,,,, -$6k ,40,57.4,,,,,,,,,27,4,-4,2,,,,,13,,,-2,,,,,, -$6k ,40,57.4,,,,,,,,,27,4,-4,2,,,,,13,,,-2,,,,,, -$6k ,40,57.4,,,,,,,,,27,4,-4,2,,,,,13,,,-2,,,,,, -$6k ,40,57.4,,,,,,,,,27,4,-4,2,,,,,13,,,-2,,,,,, -$6k ,40,57.4,,,,,,,,,27,4,-4,2,,,,,13,,,-2,,,,,, -$6k ,40,57.4,,,,,,,,,27,4,-4,2,,,,,13,,,-2,,,,,, -$6k ,40,57.4,,,,,,,,,27,4,-4,2,,,,,13,,,-2,,,,,, -$6k ,40,57.4,,,,,,,,,27,4,-4,2,,,,,13,,,-2,,,,,, -$6k ,40,57.4,,,,,,,,,27,4,-4,2,,,,,13,,,-2,,,,,, -$6k ,40,57.4,,,,,,,,,27,4,-4,2,,,,,13,,,-2,,,,,, -$6k ,40,57.4,,,,,,,,,27,4,-4,2,,,,,13,,,-2,,,,,, -$6k ,40,57.4,,,,,,,,,27,4,-4,2,,,,,13,,,-2,,,,,, -$6k ,40,57.4,,,,,,,,,27,4,-4,2,,,,,13,,,-2,,,,,, -$6k ,40,57.4,,,,,,,,,27,4,-4,2,,,,,13,,,-2,,,,,, -$6k ,40,57.4,,,,,,,,,27,4,-4,2,,,,,13,,,-2,,,,,, -$6k ,40,57.4,,,,,,,,,27,4,-4,2,,,,,13,,,-2,,,,,, -$6k ,40,57.4,,,,,,,,,27,4,-4,2,,,,,13,,,-2,,,,,, -$6k ,40,57.4,,,,,,,,,27,4,-4,2,,,,,13,,,-2,,,,,, -$6k ,40,57.4,,,,,,,,,27,4,-4,2,,,,,13,,,-2,,,,,, -$6k ,40,57.4,,,,,,,,,27,4,-4,2,,,,,13,,,-2,,,,,, -$6k ,40,57.4,,,,,,,,,27,4,-4,2,,,,,13,,,-2,,,,,, -$6k ,40,57.4,,,,,,,,,27,4,-4,2,,,,,13,,,-2,,,,,, -$6k ,40,57.4,,,,,,,,,27,4,-4,2,,,,,13,,,-2,,,,,, -$6k ,40,57.4,,,,,,,,,27,4,-4,2,,,,,13,,,-2,,,,,, -$6k ,40,57.4,,,,,,,,,27,4,-4,2,,,,,13,,,-2,,,,,, -$6k ,40,57.4,,,,,,,,,27,4,-4,2,,,,,13,,,-2,,,,,, -$6k ,40,57.4,,,,,,,,,27,4,-4,2,,,,,13,,,-2,,,,,, -$6k ,40,57.4,,,,,,,,,27,4,-4,2,,,,,13,,,-2,,,,,, -$6k ,40,57.4,,,,,,,,,27,4,-4,2,,,,,13,,,-2,,,,,
S. Blore
MEL @ BRI | EDG
$540K  |  $22k ( -$16k ), -$16k ,40,43.9,,,,,,,,,31,,-2,,4,,,,5,,,,,,2,,, -$16k ,40,43.9,,,,,,,,,31,,-2,,4,,,,5,,,,,,2,,, -$16k ,40,43.9,,,,,,,,,31,,-2,,4,,,,5,,,,,,2,,, -$16k ,40,43.9,,,,,,,,,31,,-2,,4,,,,5,,,,,,2,,, -$16k ,40,43.9,,,,,,,,,31,,-2,,4,,,,5,,,,,,2,,, -$16k ,40,43.9,,,,,,,,,31,,-2,,4,,,,5,,,,,,2,,, -$16k ,40,43.9,,,,,,,,,31,,-2,,4,,,,5,,,,,,2,,, -$16k ,40,43.9,,,,,,,,,31,,-2,,4,,,,5,,,,,,2,,, -$16k ,40,43.9,,,,,,,,,31,,-2,,4,,,,5,,,,,,2,,, -$16k ,40,43.9,,,,,,,,,31,,-2,,4,,,,5,,,,,,2,,, -$16k ,40,43.9,,,,,,,,,31,,-2,,4,,,,5,,,,,,2,,, -$16k ,40,43.9,,,,,,,,,31,,-2,,4,,,,5,,,,,,2,,, -$16k ,40,43.9,,,,,,,,,31,,-2,,4,,,,5,,,,,,2,,, -$16k ,40,43.9,,,,,,,,,31,,-2,,4,,,,5,,,,,,2,,, -$16k ,40,43.9,,,,,,,,,31,,-2,,4,,,,5,,,,,,2,,, -$16k ,40,43.9,,,,,,,,,31,,-2,,4,,,,5,,,,,,2,,, -$16k ,40,43.9,,,,,,,,,31,,-2,,4,,,,5,,,,,,2,,, -$16k ,40,43.9,,,,,,,,,31,,-2,,4,,,,5,,,,,,2,,, -$16k ,40,43.9,,,,,,,,,31,,-2,,4,,,,5,,,,,,2,,, -$16k ,40,43.9,,,,,,,,,31,,-2,,4,,,,5,,,,,,2,,, -$16k ,40,43.9,,,,,,,,,31,,-2,,4,,,,5,,,,,,2,,, -$16k ,40,43.9,,,,,,,,,31,,-2,,4,,,,5,,,,,,2,,, -$16k ,40,43.9,,,,,,,,,31,,-2,,4,,,,5,,,,,,2,,, -$16k ,40,43.9,,,,,,,,,31,,-2,,4,,,,5,,,,,,2,,, -$16k ,40,43.9,,,,,,,,,31,,-2,,4,,,,5,,,,,,2,,, -$16k ,40,43.9,,,,,,,,,31,,-2,,4,,,,5,,,,,,2,,, -$16k ,40,43.9,,,,,,,,,31,,-2,,4,,,,5,,,,,,2,,, -$16k ,40,43.9,,,,,,,,,31,,-2,,4,,,,5,,,,,,2,,, -$16k ,40,43.9,,,,,,,,,31,,-2,,4,,,,5,,,,,,2,,, -$16k ,40,43.9,,,,,,,,,31,,-2,,4,,,,5,,,,,,2,,, -$16k ,40,43.9,,,,,,,,,31,,-2,,4,,,,5,,,,,,2,,, -$16k ,40,43.9,,,,,,,,,31,,-2,,4,,,,5,,,,,,2,,, -$16k ,40,43.9,,,,,,,,,31,,-2,,4,,,,5,,,,,,2,,, -$16k ,40,43.9,,,,,,,,,31,,-2,,4,,,,5,,,,,,2,,, -$16k ,40,43.9,,,,,,,,,31,,-2,,4,,,,5,,,,,,2,,
J. Hunt
BRI v MEL | MID, EDG
$328K  |  $78k ( $20k ), $20k ,39,28.6,,,,,,,,,32,,-8,,4,,4,,7,,,,,,,,, $20k ,39,28.6,,,,,,,,,32,,-8,,4,,4,,7,,,,,,,,, $20k ,39,28.6,,,,,,,,,32,,-8,,4,,4,,7,,,,,,,,, $20k ,39,28.6,,,,,,,,,32,,-8,,4,,4,,7,,,,,,,,, $20k ,39,28.6,,,,,,,,,32,,-8,,4,,4,,7,,,,,,,,, $20k ,39,28.6,,,,,,,,,32,,-8,,4,,4,,7,,,,,,,,, $20k ,39,28.6,,,,,,,,,32,,-8,,4,,4,,7,,,,,,,,, $20k ,39,28.6,,,,,,,,,32,,-8,,4,,4,,7,,,,,,,,, $20k ,39,28.6,,,,,,,,,32,,-8,,4,,4,,7,,,,,,,,, $20k ,39,28.6,,,,,,,,,32,,-8,,4,,4,,7,,,,,,,,, $20k ,39,28.6,,,,,,,,,32,,-8,,4,,4,,7,,,,,,,,, $20k ,39,28.6,,,,,,,,,32,,-8,,4,,4,,7,,,,,,,,, $20k ,39,28.6,,,,,,,,,32,,-8,,4,,4,,7,,,,,,,,, $20k ,39,28.6,,,,,,,,,32,,-8,,4,,4,,7,,,,,,,,, $20k ,39,28.6,,,,,,,,,32,,-8,,4,,4,,7,,,,,,,,, $20k ,39,28.6,,,,,,,,,32,,-8,,4,,4,,7,,,,,,,,, $20k ,39,28.6,,,,,,,,,32,,-8,,4,,4,,7,,,,,,,,, $20k ,39,28.6,,,,,,,,,32,,-8,,4,,4,,7,,,,,,,,, $20k ,39,28.6,,,,,,,,,32,,-8,,4,,4,,7,,,,,,,,, $20k ,39,28.6,,,,,,,,,32,,-8,,4,,4,,7,,,,,,,,, $20k ,39,28.6,,,,,,,,,32,,-8,,4,,4,,7,,,,,,,,, $20k ,39,28.6,,,,,,,,,32,,-8,,4,,4,,7,,,,,,,,, $20k ,39,28.6,,,,,,,,,32,,-8,,4,,4,,7,,,,,,,,, $20k ,39,28.6,,,,,,,,,32,,-8,,4,,4,,7,,,,,,,,, $20k ,39,28.6,,,,,,,,,32,,-8,,4,,4,,7,,,,,,,,, $20k ,39,28.6,,,,,,,,,32,,-8,,4,,4,,7,,,,,,,,, $20k ,39,28.6,,,,,,,,,32,,-8,,4,,4,,7,,,,,,,,, $20k ,39,28.6,,,,,,,,,32,,-8,,4,,4,,7,,,,,,,,, $20k ,39,28.6,,,,,,,,,32,,-8,,4,,4,,7,,,,,,,,, $20k ,39,28.6,,,,,,,,,32,,-8,,4,,4,,7,,,,,,,,, $20k ,39,28.6,,,,,,,,,32,,-8,,4,,4,,7,,,,,,,,, $20k ,39,28.6,,,,,,,,,32,,-8,,4,,4,,7,,,,,,,,, $20k ,39,28.6,,,,,,,,,32,,-8,,4,,4,,7,,,,,,,,, $20k ,39,28.6,,,,,,,,,32,,-8,,4,,4,,7,,,,,,,,, $20k ,39,28.6,,,,,,,,,32,,-8,,4,,4,,7,,,,,,,,
J. Riki
BRI v MEL | EDG
$472K  |  -$93k ( -$17k ), -$17k ,38,40.5,,,,,,,,,35,4,-12,,,,4,,9,,,-2,,,,,, -$17k ,38,40.5,,,,,,,,,35,4,-12,,,,4,,9,,,-2,,,,,, -$17k ,38,40.5,,,,,,,,,35,4,-12,,,,4,,9,,,-2,,,,,, -$17k ,38,40.5,,,,,,,,,35,4,-12,,,,4,,9,,,-2,,,,,, -$17k ,38,40.5,,,,,,,,,35,4,-12,,,,4,,9,,,-2,,,,,, -$17k ,38,40.5,,,,,,,,,35,4,-12,,,,4,,9,,,-2,,,,,, -$17k ,38,40.5,,,,,,,,,35,4,-12,,,,4,,9,,,-2,,,,,, -$17k ,38,40.5,,,,,,,,,35,4,-12,,,,4,,9,,,-2,,,,,, -$17k ,38,40.5,,,,,,,,,35,4,-12,,,,4,,9,,,-2,,,,,, -$17k ,38,40.5,,,,,,,,,35,4,-12,,,,4,,9,,,-2,,,,,, -$17k ,38,40.5,,,,,,,,,35,4,-12,,,,4,,9,,,-2,,,,,, -$17k ,38,40.5,,,,,,,,,35,4,-12,,,,4,,9,,,-2,,,,,, -$17k ,38,40.5,,,,,,,,,35,4,-12,,,,4,,9,,,-2,,,,,, -$17k ,38,40.5,,,,,,,,,35,4,-12,,,,4,,9,,,-2,,,,,, -$17k ,38,40.5,,,,,,,,,35,4,-12,,,,4,,9,,,-2,,,,,, -$17k ,38,40.5,,,,,,,,,35,4,-12,,,,4,,9,,,-2,,,,,, -$17k ,38,40.5,,,,,,,,,35,4,-12,,,,4,,9,,,-2,,,,,, -$17k ,38,40.5,,,,,,,,,35,4,-12,,,,4,,9,,,-2,,,,,, -$17k ,38,40.5,,,,,,,,,35,4,-12,,,,4,,9,,,-2,,,,,, -$17k ,38,40.5,,,,,,,,,35,4,-12,,,,4,,9,,,-2,,,,,, -$17k ,38,40.5,,,,,,,,,35,4,-12,,,,4,,9,,,-2,,,,,, -$17k ,38,40.5,,,,,,,,,35,4,-12,,,,4,,9,,,-2,,,,,, -$17k ,38,40.5,,,,,,,,,35,4,-12,,,,4,,9,,,-2,,,,,, -$17k ,38,40.5,,,,,,,,,35,4,-12,,,,4,,9,,,-2,,,,,, -$17k ,38,40.5,,,,,,,,,35,4,-12,,,,4,,9,,,-2,,,,,, -$17k ,38,40.5,,,,,,,,,35,4,-12,,,,4,,9,,,-2,,,,,, -$17k ,38,40.5,,,,,,,,,35,4,-12,,,,4,,9,,,-2,,,,,, -$17k ,38,40.5,,,,,,,,,35,4,-12,,,,4,,9,,,-2,,,,,, -$17k ,38,40.5,,,,,,,,,35,4,-12,,,,4,,9,,,-2,,,,,, -$17k ,38,40.5,,,,,,,,,35,4,-12,,,,4,,9,,,-2,,,,,, -$17k ,38,40.5,,,,,,,,,35,4,-12,,,,4,,9,,,-2,,,,,, -$17k ,38,40.5,,,,,,,,,35,4,-12,,,,4,,9,,,-2,,,,,, -$17k ,38,40.5,,,,,,,,,35,4,-12,,,,4,,9,,,-2,,,,,, -$17k ,38,40.5,,,,,,,,,35,4,-12,,,,4,,9,,,-2,,,,,, -$17k ,38,40.5,,,,,,,,,35,4,-12,,,,4,,9,,,-2,,,,,
B. Mozer
BRI v MEL | HOK
$303K  |  $53k ( $6k ), $6k ,37,25.3,,,,,,5,,2,29,,-2,,,,4,,2,,,-2,,,,-1,, $6k ,37,25.3,,,,,,5,,2,29,,-2,,,,4,,2,,,-2,,,,-1,, $6k ,37,25.3,,,,,,5,,2,29,,-2,,,,4,,2,,,-2,,,,-1,, $6k ,37,25.3,,,,,,5,,2,29,,-2,,,,4,,2,,,-2,,,,-1,, $6k ,37,25.3,,,,,,5,,2,29,,-2,,,,4,,2,,,-2,,,,-1,, $6k ,37,25.3,,,,,,5,,2,29,,-2,,,,4,,2,,,-2,,,,-1,, $6k ,37,25.3,,,,,,5,,2,29,,-2,,,,4,,2,,,-2,,,,-1,, $6k ,37,25.3,,,,,,5,,2,29,,-2,,,,4,,2,,,-2,,,,-1,, $6k ,37,25.3,,,,,,5,,2,29,,-2,,,,4,,2,,,-2,,,,-1,, $6k ,37,25.3,,,,,,5,,2,29,,-2,,,,4,,2,,,-2,,,,-1,, $6k ,37,25.3,,,,,,5,,2,29,,-2,,,,4,,2,,,-2,,,,-1,, $6k ,37,25.3,,,,,,5,,2,29,,-2,,,,4,,2,,,-2,,,,-1,, $6k ,37,25.3,,,,,,5,,2,29,,-2,,,,4,,2,,,-2,,,,-1,, $6k ,37,25.3,,,,,,5,,2,29,,-2,,,,4,,2,,,-2,,,,-1,, $6k ,37,25.3,,,,,,5,,2,29,,-2,,,,4,,2,,,-2,,,,-1,, $6k ,37,25.3,,,,,,5,,2,29,,-2,,,,4,,2,,,-2,,,,-1,, $6k ,37,25.3,,,,,,5,,2,29,,-2,,,,4,,2,,,-2,,,,-1,, $6k ,37,25.3,,,,,,5,,2,29,,-2,,,,4,,2,,,-2,,,,-1,, $6k ,37,25.3,,,,,,5,,2,29,,-2,,,,4,,2,,,-2,,,,-1,, $6k ,37,25.3,,,,,,5,,2,29,,-2,,,,4,,2,,,-2,,,,-1,, $6k ,37,25.3,,,,,,5,,2,29,,-2,,,,4,,2,,,-2,,,,-1,, $6k ,37,25.3,,,,,,5,,2,29,,-2,,,,4,,2,,,-2,,,,-1,, $6k ,37,25.3,,,,,,5,,2,29,,-2,,,,4,,2,,,-2,,,,-1,, $6k ,37,25.3,,,,,,5,,2,29,,-2,,,,4,,2,,,-2,,,,-1,, $6k ,37,25.3,,,,,,5,,2,29,,-2,,,,4,,2,,,-2,,,,-1,, $6k ,37,25.3,,,,,,5,,2,29,,-2,,,,4,,2,,,-2,,,,-1,, $6k ,37,25.3,,,,,,5,,2,29,,-2,,,,4,,2,,,-2,,,,-1,, $6k ,37,25.3,,,,,,5,,2,29,,-2,,,,4,,2,,,-2,,,,-1,, $6k ,37,25.3,,,,,,5,,2,29,,-2,,,,4,,2,,,-2,,,,-1,, $6k ,37,25.3,,,,,,5,,2,29,,-2,,,,4,,2,,,-2,,,,-1,, $6k ,37,25.3,,,,,,5,,2,29,,-2,,,,4,,2,,,-2,,,,-1,, $6k ,37,25.3,,,,,,5,,2,29,,-2,,,,4,,2,,,-2,,,,-1,, $6k ,37,25.3,,,,,,5,,2,29,,-2,,,,4,,2,,,-2,,,,-1,, $6k ,37,25.3,,,,,,5,,2,29,,-2,,,,4,,2,,,-2,,,,-1,, $6k ,37,25.3,,,,,,5,,2,29,,-2,,,,4,,2,,,-2,,,,-1,
T. Loiero
MEL @ BRI | EDG, MID
$639K  |  $38k ( -$5k ), -$5k ,36,44.8,,,,,,,,,24,2,-2,,4,,,,11,,,-2,,,,-1,, -$5k ,36,44.8,,,,,,,,,24,2,-2,,4,,,,11,,,-2,,,,-1,, -$5k ,36,44.8,,,,,,,,,24,2,-2,,4,,,,11,,,-2,,,,-1,, -$5k ,36,44.8,,,,,,,,,24,2,-2,,4,,,,11,,,-2,,,,-1,, -$5k ,36,44.8,,,,,,,,,24,2,-2,,4,,,,11,,,-2,,,,-1,, -$5k ,36,44.8,,,,,,,,,24,2,-2,,4,,,,11,,,-2,,,,-1,, -$5k ,36,44.8,,,,,,,,,24,2,-2,,4,,,,11,,,-2,,,,-1,, -$5k ,36,44.8,,,,,,,,,24,2,-2,,4,,,,11,,,-2,,,,-1,, -$5k ,36,44.8,,,,,,,,,24,2,-2,,4,,,,11,,,-2,,,,-1,, -$5k ,36,44.8,,,,,,,,,24,2,-2,,4,,,,11,,,-2,,,,-1,, -$5k ,36,44.8,,,,,,,,,24,2,-2,,4,,,,11,,,-2,,,,-1,, -$5k ,36,44.8,,,,,,,,,24,2,-2,,4,,,,11,,,-2,,,,-1,, -$5k ,36,44.8,,,,,,,,,24,2,-2,,4,,,,11,,,-2,,,,-1,, -$5k ,36,44.8,,,,,,,,,24,2,-2,,4,,,,11,,,-2,,,,-1,, -$5k ,36,44.8,,,,,,,,,24,2,-2,,4,,,,11,,,-2,,,,-1,, -$5k ,36,44.8,,,,,,,,,24,2,-2,,4,,,,11,,,-2,,,,-1,, -$5k ,36,44.8,,,,,,,,,24,2,-2,,4,,,,11,,,-2,,,,-1,, -$5k ,36,44.8,,,,,,,,,24,2,-2,,4,,,,11,,,-2,,,,-1,, -$5k ,36,44.8,,,,,,,,,24,2,-2,,4,,,,11,,,-2,,,,-1,, -$5k ,36,44.8,,,,,,,,,24,2,-2,,4,,,,11,,,-2,,,,-1,, -$5k ,36,44.8,,,,,,,,,24,2,-2,,4,,,,11,,,-2,,,,-1,, -$5k ,36,44.8,,,,,,,,,24,2,-2,,4,,,,11,,,-2,,,,-1,, -$5k ,36,44.8,,,,,,,,,24,2,-2,,4,,,,11,,,-2,,,,-1,, -$5k ,36,44.8,,,,,,,,,24,2,-2,,4,,,,11,,,-2,,,,-1,, -$5k ,36,44.8,,,,,,,,,24,2,-2,,4,,,,11,,,-2,,,,-1,, -$5k ,36,44.8,,,,,,,,,24,2,-2,,4,,,,11,,,-2,,,,-1,, -$5k ,36,44.8,,,,,,,,,24,2,-2,,4,,,,11,,,-2,,,,-1,, -$5k ,36,44.8,,,,,,,,,24,2,-2,,4,,,,11,,,-2,,,,-1,, -$5k ,36,44.8,,,,,,,,,24,2,-2,,4,,,,11,,,-2,,,,-1,, -$5k ,36,44.8,,,,,,,,,24,2,-2,,4,,,,11,,,-2,,,,-1,, -$5k ,36,44.8,,,,,,,,,24,2,-2,,4,,,,11,,,-2,,,,-1,, -$5k ,36,44.8,,,,,,,,,24,2,-2,,4,,,,11,,,-2,,,,-1,, -$5k ,36,44.8,,,,,,,,,24,2,-2,,4,,,,11,,,-2,,,,-1,, -$5k ,36,44.8,,,,,,,,,24,2,-2,,4,,,,11,,,-2,,,,-1,, -$5k ,36,44.8,,,,,,,,,24,2,-2,,4,,,,11,,,-2,,,,-1,
K. Hetherington
BRI v MEL | MID
$384K  |  $50k ( -$6k ), -$6k ,36,31,,,,,,,,,29,,-4,,,,,,11,,,,,,,,, -$6k ,36,31,,,,,,,,,29,,-4,,,,,,11,,,,,,,,, -$6k ,36,31,,,,,,,,,29,,-4,,,,,,11,,,,,,,,, -$6k ,36,31,,,,,,,,,29,,-4,,,,,,11,,,,,,,,, -$6k ,36,31,,,,,,,,,29,,-4,,,,,,11,,,,,,,,, -$6k ,36,31,,,,,,,,,29,,-4,,,,,,11,,,,,,,,, -$6k ,36,31,,,,,,,,,29,,-4,,,,,,11,,,,,,,,, -$6k ,36,31,,,,,,,,,29,,-4,,,,,,11,,,,,,,,, -$6k ,36,31,,,,,,,,,29,,-4,,,,,,11,,,,,,,,, -$6k ,36,31,,,,,,,,,29,,-4,,,,,,11,,,,,,,,, -$6k ,36,31,,,,,,,,,29,,-4,,,,,,11,,,,,,,,, -$6k ,36,31,,,,,,,,,29,,-4,,,,,,11,,,,,,,,, -$6k ,36,31,,,,,,,,,29,,-4,,,,,,11,,,,,,,,, -$6k ,36,31,,,,,,,,,29,,-4,,,,,,11,,,,,,,,, -$6k ,36,31,,,,,,,,,29,,-4,,,,,,11,,,,,,,,, -$6k ,36,31,,,,,,,,,29,,-4,,,,,,11,,,,,,,,, -$6k ,36,31,,,,,,,,,29,,-4,,,,,,11,,,,,,,,, -$6k ,36,31,,,,,,,,,29,,-4,,,,,,11,,,,,,,,, -$6k ,36,31,,,,,,,,,29,,-4,,,,,,11,,,,,,,,, -$6k ,36,31,,,,,,,,,29,,-4,,,,,,11,,,,,,,,, -$6k ,36,31,,,,,,,,,29,,-4,,,,,,11,,,,,,,,, -$6k ,36,31,,,,,,,,,29,,-4,,,,,,11,,,,,,,,, -$6k ,36,31,,,,,,,,,29,,-4,,,,,,11,,,,,,,,, -$6k ,36,31,,,,,,,,,29,,-4,,,,,,11,,,,,,,,, -$6k ,36,31,,,,,,,,,29,,-4,,,,,,11,,,,,,,,, -$6k ,36,31,,,,,,,,,29,,-4,,,,,,11,,,,,,,,, -$6k ,36,31,,,,,,,,,29,,-4,,,,,,11,,,,,,,,, -$6k ,36,31,,,,,,,,,29,,-4,,,,,,11,,,,,,,,, -$6k ,36,31,,,,,,,,,29,,-4,,,,,,11,,,,,,,,, -$6k ,36,31,,,,,,,,,29,,-4,,,,,,11,,,,,,,,, -$6k ,36,31,,,,,,,,,29,,-4,,,,,,11,,,,,,,,, -$6k ,36,31,,,,,,,,,29,,-4,,,,,,11,,,,,,,,, -$6k ,36,31,,,,,,,,,29,,-4,,,,,,11,,,,,,,,, -$6k ,36,31,,,,,,,,,29,,-4,,,,,,11,,,,,,,,, -$6k ,36,31,,,,,,,,,29,,-4,,,,,,11,,,,,,,,
D. Mariner
BRI v MEL | CTR, WFB
$500K  |  $50k ( -$5k ), -$5k ,35,36.4,,,,,,,,,15,4,-4,,4,-2,4,,12,,,,,,2,,, -$5k ,35,36.4,,,,,,,,,15,4,-4,,4,-2,4,,12,,,,,,2,,, -$5k ,35,36.4,,,,,,,,,15,4,-4,,4,-2,4,,12,,,,,,2,,, -$5k ,35,36.4,,,,,,,,,15,4,-4,,4,-2,4,,12,,,,,,2,,, -$5k ,35,36.4,,,,,,,,,15,4,-4,,4,-2,4,,12,,,,,,2,,, -$5k ,35,36.4,,,,,,,,,15,4,-4,,4,-2,4,,12,,,,,,2,,, -$5k ,35,36.4,,,,,,,,,15,4,-4,,4,-2,4,,12,,,,,,2,,, -$5k ,35,36.4,,,,,,,,,15,4,-4,,4,-2,4,,12,,,,,,2,,, -$5k ,35,36.4,,,,,,,,,15,4,-4,,4,-2,4,,12,,,,,,2,,, -$5k ,35,36.4,,,,,,,,,15,4,-4,,4,-2,4,,12,,,,,,2,,, -$5k ,35,36.4,,,,,,,,,15,4,-4,,4,-2,4,,12,,,,,,2,,, -$5k ,35,36.4,,,,,,,,,15,4,-4,,4,-2,4,,12,,,,,,2,,, -$5k ,35,36.4,,,,,,,,,15,4,-4,,4,-2,4,,12,,,,,,2,,, -$5k ,35,36.4,,,,,,,,,15,4,-4,,4,-2,4,,12,,,,,,2,,, -$5k ,35,36.4,,,,,,,,,15,4,-4,,4,-2,4,,12,,,,,,2,,, -$5k ,35,36.4,,,,,,,,,15,4,-4,,4,-2,4,,12,,,,,,2,,, -$5k ,35,36.4,,,,,,,,,15,4,-4,,4,-2,4,,12,,,,,,2,,, -$5k ,35,36.4,,,,,,,,,15,4,-4,,4,-2,4,,12,,,,,,2,,, -$5k ,35,36.4,,,,,,,,,15,4,-4,,4,-2,4,,12,,,,,,2,,, -$5k ,35,36.4,,,,,,,,,15,4,-4,,4,-2,4,,12,,,,,,2,,, -$5k ,35,36.4,,,,,,,,,15,4,-4,,4,-2,4,,12,,,,,,2,,, -$5k ,35,36.4,,,,,,,,,15,4,-4,,4,-2,4,,12,,,,,,2,,, -$5k ,35,36.4,,,,,,,,,15,4,-4,,4,-2,4,,12,,,,,,2,,, -$5k ,35,36.4,,,,,,,,,15,4,-4,,4,-2,4,,12,,,,,,2,,, -$5k ,35,36.4,,,,,,,,,15,4,-4,,4,-2,4,,12,,,,,,2,,, -$5k ,35,36.4,,,,,,,,,15,4,-4,,4,-2,4,,12,,,,,,2,,, -$5k ,35,36.4,,,,,,,,,15,4,-4,,4,-2,4,,12,,,,,,2,,, -$5k ,35,36.4,,,,,,,,,15,4,-4,,4,-2,4,,12,,,,,,2,,, -$5k ,35,36.4,,,,,,,,,15,4,-4,,4,-2,4,,12,,,,,,2,,, -$5k ,35,36.4,,,,,,,,,15,4,-4,,4,-2,4,,12,,,,,,2,,, -$5k ,35,36.4,,,,,,,,,15,4,-4,,4,-2,4,,12,,,,,,2,,, -$5k ,35,36.4,,,,,,,,,15,4,-4,,4,-2,4,,12,,,,,,2,,, -$5k ,35,36.4,,,,,,,,,15,4,-4,,4,-2,4,,12,,,,,,2,,, -$5k ,35,36.4,,,,,,,,,15,4,-4,,4,-2,4,,12,,,,,,2,,, -$5k ,35,36.4,,,,,,,,,15,4,-4,,4,-2,4,,12,,,,,,2,,
X. Coates
MEL @ BRI | WFB
$424K  |  $29k ( -$13k ), -$13k ,35,33.7,,8,,,,,4,,1,8,,,,-2,,,12,,2,,,,,,2, -$13k ,35,33.7,,8,,,,,4,,1,8,,,,-2,,,12,,2,,,,,,2, -$13k ,35,33.7,,8,,,,,4,,1,8,,,,-2,,,12,,2,,,,,,2, -$13k ,35,33.7,,8,,,,,4,,1,8,,,,-2,,,12,,2,,,,,,2, -$13k ,35,33.7,,8,,,,,4,,1,8,,,,-2,,,12,,2,,,,,,2, -$13k ,35,33.7,,8,,,,,4,,1,8,,,,-2,,,12,,2,,,,,,2, -$13k ,35,33.7,,8,,,,,4,,1,8,,,,-2,,,12,,2,,,,,,2, -$13k ,35,33.7,,8,,,,,4,,1,8,,,,-2,,,12,,2,,,,,,2, -$13k ,35,33.7,,8,,,,,4,,1,8,,,,-2,,,12,,2,,,,,,2, -$13k ,35,33.7,,8,,,,,4,,1,8,,,,-2,,,12,,2,,,,,,2, -$13k ,35,33.7,,8,,,,,4,,1,8,,,,-2,,,12,,2,,,,,,2, -$13k ,35,33.7,,8,,,,,4,,1,8,,,,-2,,,12,,2,,,,,,2, -$13k ,35,33.7,,8,,,,,4,,1,8,,,,-2,,,12,,2,,,,,,2, -$13k ,35,33.7,,8,,,,,4,,1,8,,,,-2,,,12,,2,,,,,,2, -$13k ,35,33.7,,8,,,,,4,,1,8,,,,-2,,,12,,2,,,,,,2, -$13k ,35,33.7,,8,,,,,4,,1,8,,,,-2,,,12,,2,,,,,,2, -$13k ,35,33.7,,8,,,,,4,,1,8,,,,-2,,,12,,2,,,,,,2, -$13k ,35,33.7,,8,,,,,4,,1,8,,,,-2,,,12,,2,,,,,,2, -$13k ,35,33.7,,8,,,,,4,,1,8,,,,-2,,,12,,2,,,,,,2, -$13k ,35,33.7,,8,,,,,4,,1,8,,,,-2,,,12,,2,,,,,,2, -$13k ,35,33.7,,8,,,,,4,,1,8,,,,-2,,,12,,2,,,,,,2, -$13k ,35,33.7,,8,,,,,4,,1,8,,,,-2,,,12,,2,,,,,,2, -$13k ,35,33.7,,8,,,,,4,,1,8,,,,-2,,,12,,2,,,,,,2, -$13k ,35,33.7,,8,,,,,4,,1,8,,,,-2,,,12,,2,,,,,,2, -$13k ,35,33.7,,8,,,,,4,,1,8,,,,-2,,,12,,2,,,,,,2, -$13k ,35,33.7,,8,,,,,4,,1,8,,,,-2,,,12,,2,,,,,,2, -$13k ,35,33.7,,8,,,,,4,,1,8,,,,-2,,,12,,2,,,,,,2, -$13k ,35,33.7,,8,,,,,4,,1,8,,,,-2,,,12,,2,,,,,,2, -$13k ,35,33.7,,8,,,,,4,,1,8,,,,-2,,,12,,2,,,,,,2, -$13k ,35,33.7,,8,,,,,4,,1,8,,,,-2,,,12,,2,,,,,,2, -$13k ,35,33.7,,8,,,,,4,,1,8,,,,-2,,,12,,2,,,,,,2, -$13k ,35,33.7,,8,,,,,4,,1,8,,,,-2,,,12,,2,,,,,,2, -$13k ,35,33.7,,8,,,,,4,,1,8,,,,-2,,,12,,2,,,,,,2, -$13k ,35,33.7,,8,,,,,4,,1,8,,,,-2,,,12,,2,,,,,,2, -$13k ,35,33.7,,8,,,,,4,,1,8,,,,-2,,,12,,2,,,,,,2
N. Asofa-Solomona
MEL @ BRI | MID, EDG
$433K  |  -$131k ( $16k ), $16k ,33,28.6,,,,,,,,,13,6,-4,,8,-2,,,12,,,,,,,,, $16k ,33,28.6,,,,,,,,,13,6,-4,,8,-2,,,12,,,,,,,,, $16k ,33,28.6,,,,,,,,,13,6,-4,,8,-2,,,12,,,,,,,,, $16k ,33,28.6,,,,,,,,,13,6,-4,,8,-2,,,12,,,,,,,,, $16k ,33,28.6,,,,,,,,,13,6,-4,,8,-2,,,12,,,,,,,,, $16k ,33,28.6,,,,,,,,,13,6,-4,,8,-2,,,12,,,,,,,,, $16k ,33,28.6,,,,,,,,,13,6,-4,,8,-2,,,12,,,,,,,,, $16k ,33,28.6,,,,,,,,,13,6,-4,,8,-2,,,12,,,,,,,,, $16k ,33,28.6,,,,,,,,,13,6,-4,,8,-2,,,12,,,,,,,,, $16k ,33,28.6,,,,,,,,,13,6,-4,,8,-2,,,12,,,,,,,,, $16k ,33,28.6,,,,,,,,,13,6,-4,,8,-2,,,12,,,,,,,,, $16k ,33,28.6,,,,,,,,,13,6,-4,,8,-2,,,12,,,,,,,,, $16k ,33,28.6,,,,,,,,,13,6,-4,,8,-2,,,12,,,,,,,,, $16k ,33,28.6,,,,,,,,,13,6,-4,,8,-2,,,12,,,,,,,,, $16k ,33,28.6,,,,,,,,,13,6,-4,,8,-2,,,12,,,,,,,,, $16k ,33,28.6,,,,,,,,,13,6,-4,,8,-2,,,12,,,,,,,,, $16k ,33,28.6,,,,,,,,,13,6,-4,,8,-2,,,12,,,,,,,,, $16k ,33,28.6,,,,,,,,,13,6,-4,,8,-2,,,12,,,,,,,,, $16k ,33,28.6,,,,,,,,,13,6,-4,,8,-2,,,12,,,,,,,,, $16k ,33,28.6,,,,,,,,,13,6,-4,,8,-2,,,12,,,,,,,,, $16k ,33,28.6,,,,,,,,,13,6,-4,,8,-2,,,12,,,,,,,,, $16k ,33,28.6,,,,,,,,,13,6,-4,,8,-2,,,12,,,,,,,,, $16k ,33,28.6,,,,,,,,,13,6,-4,,8,-2,,,12,,,,,,,,, $16k ,33,28.6,,,,,,,,,13,6,-4,,8,-2,,,12,,,,,,,,, $16k ,33,28.6,,,,,,,,,13,6,-4,,8,-2,,,12,,,,,,,,, $16k ,33,28.6,,,,,,,,,13,6,-4,,8,-2,,,12,,,,,,,,, $16k ,33,28.6,,,,,,,,,13,6,-4,,8,-2,,,12,,,,,,,,, $16k ,33,28.6,,,,,,,,,13,6,-4,,8,-2,,,12,,,,,,,,, $16k ,33,28.6,,,,,,,,,13,6,-4,,8,-2,,,12,,,,,,,,, $16k ,33,28.6,,,,,,,,,13,6,-4,,8,-2,,,12,,,,,,,,, $16k ,33,28.6,,,,,,,,,13,6,-4,,8,-2,,,12,,,,,,,,, $16k ,33,28.6,,,,,,,,,13,6,-4,,8,-2,,,12,,,,,,,,, $16k ,33,28.6,,,,,,,,,13,6,-4,,8,-2,,,12,,,,,,,,, $16k ,33,28.6,,,,,,,,,13,6,-4,,8,-2,,,12,,,,,,,,, $16k ,33,28.6,,,,,,,,,13,6,-4,,8,-2,,,12,,,,,,,,
T. Wishart
MEL @ BRI | HLF, WFB
$563K  |  $313k ( $12k ), $12k ,33,40.3,,,,,,,4,,22,4,,,,-4,,,8,,,,,,,-1,, $12k ,33,40.3,,,,,,,4,,22,4,,,,-4,,,8,,,,,,,-1,, $12k ,33,40.3,,,,,,,4,,22,4,,,,-4,,,8,,,,,,,-1,, $12k ,33,40.3,,,,,,,4,,22,4,,,,-4,,,8,,,,,,,-1,, $12k ,33,40.3,,,,,,,4,,22,4,,,,-4,,,8,,,,,,,-1,, $12k ,33,40.3,,,,,,,4,,22,4,,,,-4,,,8,,,,,,,-1,, $12k ,33,40.3,,,,,,,4,,22,4,,,,-4,,,8,,,,,,,-1,, $12k ,33,40.3,,,,,,,4,,22,4,,,,-4,,,8,,,,,,,-1,, $12k ,33,40.3,,,,,,,4,,22,4,,,,-4,,,8,,,,,,,-1,, $12k ,33,40.3,,,,,,,4,,22,4,,,,-4,,,8,,,,,,,-1,, $12k ,33,40.3,,,,,,,4,,22,4,,,,-4,,,8,,,,,,,-1,, $12k ,33,40.3,,,,,,,4,,22,4,,,,-4,,,8,,,,,,,-1,, $12k ,33,40.3,,,,,,,4,,22,4,,,,-4,,,8,,,,,,,-1,, $12k ,33,40.3,,,,,,,4,,22,4,,,,-4,,,8,,,,,,,-1,, $12k ,33,40.3,,,,,,,4,,22,4,,,,-4,,,8,,,,,,,-1,, $12k ,33,40.3,,,,,,,4,,22,4,,,,-4,,,8,,,,,,,-1,, $12k ,33,40.3,,,,,,,4,,22,4,,,,-4,,,8,,,,,,,-1,, $12k ,33,40.3,,,,,,,4,,22,4,,,,-4,,,8,,,,,,,-1,, $12k ,33,40.3,,,,,,,4,,22,4,,,,-4,,,8,,,,,,,-1,, $12k ,33,40.3,,,,,,,4,,22,4,,,,-4,,,8,,,,,,,-1,, $12k ,33,40.3,,,,,,,4,,22,4,,,,-4,,,8,,,,,,,-1,, $12k ,33,40.3,,,,,,,4,,22,4,,,,-4,,,8,,,,,,,-1,, $12k ,33,40.3,,,,,,,4,,22,4,,,,-4,,,8,,,,,,,-1,, $12k ,33,40.3,,,,,,,4,,22,4,,,,-4,,,8,,,,,,,-1,, $12k ,33,40.3,,,,,,,4,,22,4,,,,-4,,,8,,,,,,,-1,, $12k ,33,40.3,,,,,,,4,,22,4,,,,-4,,,8,,,,,,,-1,, $12k ,33,40.3,,,,,,,4,,22,4,,,,-4,,,8,,,,,,,-1,, $12k ,33,40.3,,,,,,,4,,22,4,,,,-4,,,8,,,,,,,-1,, $12k ,33,40.3,,,,,,,4,,22,4,,,,-4,,,8,,,,,,,-1,, $12k ,33,40.3,,,,,,,4,,22,4,,,,-4,,,8,,,,,,,-1,, $12k ,33,40.3,,,,,,,4,,22,4,,,,-4,,,8,,,,,,,-1,, $12k ,33,40.3,,,,,,,4,,22,4,,,,-4,,,8,,,,,,,-1,, $12k ,33,40.3,,,,,,,4,,22,4,,,,-4,,,8,,,,,,,-1,, $12k ,33,40.3,,,,,,,4,,22,4,,,,-4,,,8,,,,,,,-1,, $12k ,33,40.3,,,,,,,4,,22,4,,,,-4,,,8,,,,,,,-1,
S. Cobbo
BRI v MEL | WFB, CTR
$503K  |  -$65k ( -$20k ), -$20k ,31,41.2,,,,,,5,,2,9,4,-4,,8,,,,6,,1,,,,,,, -$20k ,31,41.2,,,,,,5,,2,9,4,-4,,8,,,,6,,1,,,,,,, -$20k ,31,41.2,,,,,,5,,2,9,4,-4,,8,,,,6,,1,,,,,,, -$20k ,31,41.2,,,,,,5,,2,9,4,-4,,8,,,,6,,1,,,,,,, -$20k ,31,41.2,,,,,,5,,2,9,4,-4,,8,,,,6,,1,,,,,,, -$20k ,31,41.2,,,,,,5,,2,9,4,-4,,8,,,,6,,1,,,,,,, -$20k ,31,41.2,,,,,,5,,2,9,4,-4,,8,,,,6,,1,,,,,,, -$20k ,31,41.2,,,,,,5,,2,9,4,-4,,8,,,,6,,1,,,,,,, -$20k ,31,41.2,,,,,,5,,2,9,4,-4,,8,,,,6,,1,,,,,,, -$20k ,31,41.2,,,,,,5,,2,9,4,-4,,8,,,,6,,1,,,,,,, -$20k ,31,41.2,,,,,,5,,2,9,4,-4,,8,,,,6,,1,,,,,,, -$20k ,31,41.2,,,,,,5,,2,9,4,-4,,8,,,,6,,1,,,,,,, -$20k ,31,41.2,,,,,,5,,2,9,4,-4,,8,,,,6,,1,,,,,,, -$20k ,31,41.2,,,,,,5,,2,9,4,-4,,8,,,,6,,1,,,,,,, -$20k ,31,41.2,,,,,,5,,2,9,4,-4,,8,,,,6,,1,,,,,,, -$20k ,31,41.2,,,,,,5,,2,9,4,-4,,8,,,,6,,1,,,,,,, -$20k ,31,41.2,,,,,,5,,2,9,4,-4,,8,,,,6,,1,,,,,,, -$20k ,31,41.2,,,,,,5,,2,9,4,-4,,8,,,,6,,1,,,,,,, -$20k ,31,41.2,,,,,,5,,2,9,4,-4,,8,,,,6,,1,,,,,,, -$20k ,31,41.2,,,,,,5,,2,9,4,-4,,8,,,,6,,1,,,,,,, -$20k ,31,41.2,,,,,,5,,2,9,4,-4,,8,,,,6,,1,,,,,,, -$20k ,31,41.2,,,,,,5,,2,9,4,-4,,8,,,,6,,1,,,,,,, -$20k ,31,41.2,,,,,,5,,2,9,4,-4,,8,,,,6,,1,,,,,,, -$20k ,31,41.2,,,,,,5,,2,9,4,-4,,8,,,,6,,1,,,,,,, -$20k ,31,41.2,,,,,,5,,2,9,4,-4,,8,,,,6,,1,,,,,,, -$20k ,31,41.2,,,,,,5,,2,9,4,-4,,8,,,,6,,1,,,,,,, -$20k ,31,41.2,,,,,,5,,2,9,4,-4,,8,,,,6,,1,,,,,,, -$20k ,31,41.2,,,,,,5,,2,9,4,-4,,8,,,,6,,1,,,,,,, -$20k ,31,41.2,,,,,,5,,2,9,4,-4,,8,,,,6,,1,,,,,,, -$20k ,31,41.2,,,,,,5,,2,9,4,-4,,8,,,,6,,1,,,,,,, -$20k ,31,41.2,,,,,,5,,2,9,4,-4,,8,,,,6,,1,,,,,,, -$20k ,31,41.2,,,,,,5,,2,9,4,-4,,8,,,,6,,1,,,,,,, -$20k ,31,41.2,,,,,,5,,2,9,4,-4,,8,,,,6,,1,,,,,,, -$20k ,31,41.2,,,,,,5,,2,9,4,-4,,8,,,,6,,1,,,,,,, -$20k ,31,41.2,,,,,,5,,2,9,4,-4,,8,,,,6,,1,,,,,,
A. MacDonald
MEL @ BRI | MID
$394K  |  $25k ( $29k ), $29k ,30,29.3,,,,,,,,,19,4,-2,,,,,,9,,,,,,,,, $29k ,30,29.3,,,,,,,,,19,4,-2,,,,,,9,,,,,,,,, $29k ,30,29.3,,,,,,,,,19,4,-2,,,,,,9,,,,,,,,, $29k ,30,29.3,,,,,,,,,19,4,-2,,,,,,9,,,,,,,,, $29k ,30,29.3,,,,,,,,,19,4,-2,,,,,,9,,,,,,,,, $29k ,30,29.3,,,,,,,,,19,4,-2,,,,,,9,,,,,,,,, $29k ,30,29.3,,,,,,,,,19,4,-2,,,,,,9,,,,,,,,, $29k ,30,29.3,,,,,,,,,19,4,-2,,,,,,9,,,,,,,,, $29k ,30,29.3,,,,,,,,,19,4,-2,,,,,,9,,,,,,,,, $29k ,30,29.3,,,,,,,,,19,4,-2,,,,,,9,,,,,,,,, $29k ,30,29.3,,,,,,,,,19,4,-2,,,,,,9,,,,,,,,, $29k ,30,29.3,,,,,,,,,19,4,-2,,,,,,9,,,,,,,,, $29k ,30,29.3,,,,,,,,,19,4,-2,,,,,,9,,,,,,,,, $29k ,30,29.3,,,,,,,,,19,4,-2,,,,,,9,,,,,,,,, $29k ,30,29.3,,,,,,,,,19,4,-2,,,,,,9,,,,,,,,, $29k ,30,29.3,,,,,,,,,19,4,-2,,,,,,9,,,,,,,,, $29k ,30,29.3,,,,,,,,,19,4,-2,,,,,,9,,,,,,,,, $29k ,30,29.3,,,,,,,,,19,4,-2,,,,,,9,,,,,,,,, $29k ,30,29.3,,,,,,,,,19,4,-2,,,,,,9,,,,,,,,, $29k ,30,29.3,,,,,,,,,19,4,-2,,,,,,9,,,,,,,,, $29k ,30,29.3,,,,,,,,,19,4,-2,,,,,,9,,,,,,,,, $29k ,30,29.3,,,,,,,,,19,4,-2,,,,,,9,,,,,,,,, $29k ,30,29.3,,,,,,,,,19,4,-2,,,,,,9,,,,,,,,, $29k ,30,29.3,,,,,,,,,19,4,-2,,,,,,9,,,,,,,,, $29k ,30,29.3,,,,,,,,,19,4,-2,,,,,,9,,,,,,,,, $29k ,30,29.3,,,,,,,,,19,4,-2,,,,,,9,,,,,,,,, $29k ,30,29.3,,,,,,,,,19,4,-2,,,,,,9,,,,,,,,, $29k ,30,29.3,,,,,,,,,19,4,-2,,,,,,9,,,,,,,,, $29k ,30,29.3,,,,,,,,,19,4,-2,,,,,,9,,,,,,,,, $29k ,30,29.3,,,,,,,,,19,4,-2,,,,,,9,,,,,,,,, $29k ,30,29.3,,,,,,,,,19,4,-2,,,,,,9,,,,,,,,, $29k ,30,29.3,,,,,,,,,19,4,-2,,,,,,9,,,,,,,,, $29k ,30,29.3,,,,,,,,,19,4,-2,,,,,,9,,,,,,,,, $29k ,30,29.3,,,,,,,,,19,4,-2,,,,,,9,,,,,,,,, $29k ,30,29.3,,,,,,,,,19,4,-2,,,,,,9,,,,,,,,
J. Rogers
BRI v MEL | HLF
$410K  |  $10k ( -$6k ), -$6k ,30,31.2,,8,,,,,4,,13,4,-6,,,-2,,,7,,,,,,2,,, -$6k ,30,31.2,,8,,,,,4,,13,4,-6,,,-2,,,7,,,,,,2,,, -$6k ,30,31.2,,8,,,,,4,,13,4,-6,,,-2,,,7,,,,,,2,,, -$6k ,30,31.2,,8,,,,,4,,13,4,-6,,,-2,,,7,,,,,,2,,, -$6k ,30,31.2,,8,,,,,4,,13,4,-6,,,-2,,,7,,,,,,2,,, -$6k ,30,31.2,,8,,,,,4,,13,4,-6,,,-2,,,7,,,,,,2,,, -$6k ,30,31.2,,8,,,,,4,,13,4,-6,,,-2,,,7,,,,,,2,,, -$6k ,30,31.2,,8,,,,,4,,13,4,-6,,,-2,,,7,,,,,,2,,, -$6k ,30,31.2,,8,,,,,4,,13,4,-6,,,-2,,,7,,,,,,2,,, -$6k ,30,31.2,,8,,,,,4,,13,4,-6,,,-2,,,7,,,,,,2,,, -$6k ,30,31.2,,8,,,,,4,,13,4,-6,,,-2,,,7,,,,,,2,,, -$6k ,30,31.2,,8,,,,,4,,13,4,-6,,,-2,,,7,,,,,,2,,, -$6k ,30,31.2,,8,,,,,4,,13,4,-6,,,-2,,,7,,,,,,2,,, -$6k ,30,31.2,,8,,,,,4,,13,4,-6,,,-2,,,7,,,,,,2,,, -$6k ,30,31.2,,8,,,,,4,,13,4,-6,,,-2,,,7,,,,,,2,,, -$6k ,30,31.2,,8,,,,,4,,13,4,-6,,,-2,,,7,,,,,,2,,, -$6k ,30,31.2,,8,,,,,4,,13,4,-6,,,-2,,,7,,,,,,2,,, -$6k ,30,31.2,,8,,,,,4,,13,4,-6,,,-2,,,7,,,,,,2,,, -$6k ,30,31.2,,8,,,,,4,,13,4,-6,,,-2,,,7,,,,,,2,,, -$6k ,30,31.2,,8,,,,,4,,13,4,-6,,,-2,,,7,,,,,,2,,, -$6k ,30,31.2,,8,,,,,4,,13,4,-6,,,-2,,,7,,,,,,2,,, -$6k ,30,31.2,,8,,,,,4,,13,4,-6,,,-2,,,7,,,,,,2,,, -$6k ,30,31.2,,8,,,,,4,,13,4,-6,,,-2,,,7,,,,,,2,,, -$6k ,30,31.2,,8,,,,,4,,13,4,-6,,,-2,,,7,,,,,,2,,, -$6k ,30,31.2,,8,,,,,4,,13,4,-6,,,-2,,,7,,,,,,2,,, -$6k ,30,31.2,,8,,,,,4,,13,4,-6,,,-2,,,7,,,,,,2,,, -$6k ,30,31.2,,8,,,,,4,,13,4,-6,,,-2,,,7,,,,,,2,,, -$6k ,30,31.2,,8,,,,,4,,13,4,-6,,,-2,,,7,,,,,,2,,, -$6k ,30,31.2,,8,,,,,4,,13,4,-6,,,-2,,,7,,,,,,2,,, -$6k ,30,31.2,,8,,,,,4,,13,4,-6,,,-2,,,7,,,,,,2,,, -$6k ,30,31.2,,8,,,,,4,,13,4,-6,,,-2,,,7,,,,,,2,,, -$6k ,30,31.2,,8,,,,,4,,13,4,-6,,,-2,,,7,,,,,,2,,, -$6k ,30,31.2,,8,,,,,4,,13,4,-6,,,-2,,,7,,,,,,2,,, -$6k ,30,31.2,,8,,,,,4,,13,4,-6,,,-2,,,7,,,,,,2,,, -$6k ,30,31.2,,8,,,,,4,,13,4,-6,,,-2,,,7,,,,,,2,,
J. King
MEL @ BRI | MID
$518K  |  -$153k ( -$1k ), -$1k ,29,38.2,,,,,,,,,22,,,,,-2,,,9,,,,,,,,, -$1k ,29,38.2,,,,,,,,,22,,,,,-2,,,9,,,,,,,,, -$1k ,29,38.2,,,,,,,,,22,,,,,-2,,,9,,,,,,,,, -$1k ,29,38.2,,,,,,,,,22,,,,,-2,,,9,,,,,,,,, -$1k ,29,38.2,,,,,,,,,22,,,,,-2,,,9,,,,,,,,, -$1k ,29,38.2,,,,,,,,,22,,,,,-2,,,9,,,,,,,,, -$1k ,29,38.2,,,,,,,,,22,,,,,-2,,,9,,,,,,,,, -$1k ,29,38.2,,,,,,,,,22,,,,,-2,,,9,,,,,,,,, -$1k ,29,38.2,,,,,,,,,22,,,,,-2,,,9,,,,,,,,, -$1k ,29,38.2,,,,,,,,,22,,,,,-2,,,9,,,,,,,,, -$1k ,29,38.2,,,,,,,,,22,,,,,-2,,,9,,,,,,,,, -$1k ,29,38.2,,,,,,,,,22,,,,,-2,,,9,,,,,,,,, -$1k ,29,38.2,,,,,,,,,22,,,,,-2,,,9,,,,,,,,, -$1k ,29,38.2,,,,,,,,,22,,,,,-2,,,9,,,,,,,,, -$1k ,29,38.2,,,,,,,,,22,,,,,-2,,,9,,,,,,,,, -$1k ,29,38.2,,,,,,,,,22,,,,,-2,,,9,,,,,,,,, -$1k ,29,38.2,,,,,,,,,22,,,,,-2,,,9,,,,,,,,, -$1k ,29,38.2,,,,,,,,,22,,,,,-2,,,9,,,,,,,,, -$1k ,29,38.2,,,,,,,,,22,,,,,-2,,,9,,,,,,,,, -$1k ,29,38.2,,,,,,,,,22,,,,,-2,,,9,,,,,,,,, -$1k ,29,38.2,,,,,,,,,22,,,,,-2,,,9,,,,,,,,, -$1k ,29,38.2,,,,,,,,,22,,,,,-2,,,9,,,,,,,,, -$1k ,29,38.2,,,,,,,,,22,,,,,-2,,,9,,,,,,,,, -$1k ,29,38.2,,,,,,,,,22,,,,,-2,,,9,,,,,,,,, -$1k ,29,38.2,,,,,,,,,22,,,,,-2,,,9,,,,,,,,, -$1k ,29,38.2,,,,,,,,,22,,,,,-2,,,9,,,,,,,,, -$1k ,29,38.2,,,,,,,,,22,,,,,-2,,,9,,,,,,,,, -$1k ,29,38.2,,,,,,,,,22,,,,,-2,,,9,,,,,,,,, -$1k ,29,38.2,,,,,,,,,22,,,,,-2,,,9,,,,,,,,, -$1k ,29,38.2,,,,,,,,,22,,,,,-2,,,9,,,,,,,,, -$1k ,29,38.2,,,,,,,,,22,,,,,-2,,,9,,,,,,,,, -$1k ,29,38.2,,,,,,,,,22,,,,,-2,,,9,,,,,,,,, -$1k ,29,38.2,,,,,,,,,22,,,,,-2,,,9,,,,,,,,, -$1k ,29,38.2,,,,,,,,,22,,,,,-2,,,9,,,,,,,,, -$1k ,29,38.2,,,,,,,,,22,,,,,-2,,,9,,,,,,,,
T. Sailor
BRI v MEL | WFB
$342K  |  -$208k ( $8k ), $8k ,29,23.3,,,,,,,,,11,4,-10,,4,,4,,11,2,4,,,,,-1,, $8k ,29,23.3,,,,,,,,,11,4,-10,,4,,4,,11,2,4,,,,,-1,, $8k ,29,23.3,,,,,,,,,11,4,-10,,4,,4,,11,2,4,,,,,-1,, $8k ,29,23.3,,,,,,,,,11,4,-10,,4,,4,,11,2,4,,,,,-1,, $8k ,29,23.3,,,,,,,,,11,4,-10,,4,,4,,11,2,4,,,,,-1,, $8k ,29,23.3,,,,,,,,,11,4,-10,,4,,4,,11,2,4,,,,,-1,, $8k ,29,23.3,,,,,,,,,11,4,-10,,4,,4,,11,2,4,,,,,-1,, $8k ,29,23.3,,,,,,,,,11,4,-10,,4,,4,,11,2,4,,,,,-1,, $8k ,29,23.3,,,,,,,,,11,4,-10,,4,,4,,11,2,4,,,,,-1,, $8k ,29,23.3,,,,,,,,,11,4,-10,,4,,4,,11,2,4,,,,,-1,, $8k ,29,23.3,,,,,,,,,11,4,-10,,4,,4,,11,2,4,,,,,-1,, $8k ,29,23.3,,,,,,,,,11,4,-10,,4,,4,,11,2,4,,,,,-1,, $8k ,29,23.3,,,,,,,,,11,4,-10,,4,,4,,11,2,4,,,,,-1,, $8k ,29,23.3,,,,,,,,,11,4,-10,,4,,4,,11,2,4,,,,,-1,, $8k ,29,23.3,,,,,,,,,11,4,-10,,4,,4,,11,2,4,,,,,-1,, $8k ,29,23.3,,,,,,,,,11,4,-10,,4,,4,,11,2,4,,,,,-1,, $8k ,29,23.3,,,,,,,,,11,4,-10,,4,,4,,11,2,4,,,,,-1,, $8k ,29,23.3,,,,,,,,,11,4,-10,,4,,4,,11,2,4,,,,,-1,, $8k ,29,23.3,,,,,,,,,11,4,-10,,4,,4,,11,2,4,,,,,-1,, $8k ,29,23.3,,,,,,,,,11,4,-10,,4,,4,,11,2,4,,,,,-1,, $8k ,29,23.3,,,,,,,,,11,4,-10,,4,,4,,11,2,4,,,,,-1,, $8k ,29,23.3,,,,,,,,,11,4,-10,,4,,4,,11,2,4,,,,,-1,, $8k ,29,23.3,,,,,,,,,11,4,-10,,4,,4,,11,2,4,,,,,-1,, $8k ,29,23.3,,,,,,,,,11,4,-10,,4,,4,,11,2,4,,,,,-1,, $8k ,29,23.3,,,,,,,,,11,4,-10,,4,,4,,11,2,4,,,,,-1,, $8k ,29,23.3,,,,,,,,,11,4,-10,,4,,4,,11,2,4,,,,,-1,, $8k ,29,23.3,,,,,,,,,11,4,-10,,4,,4,,11,2,4,,,,,-1,, $8k ,29,23.3,,,,,,,,,11,4,-10,,4,,4,,11,2,4,,,,,-1,, $8k ,29,23.3,,,,,,,,,11,4,-10,,4,,4,,11,2,4,,,,,-1,, $8k ,29,23.3,,,,,,,,,11,4,-10,,4,,4,,11,2,4,,,,,-1,, $8k ,29,23.3,,,,,,,,,11,4,-10,,4,,4,,11,2,4,,,,,-1,, $8k ,29,23.3,,,,,,,,,11,4,-10,,4,,4,,11,2,4,,,,,-1,, $8k ,29,23.3,,,,,,,,,11,4,-10,,4,,4,,11,2,4,,,,,-1,, $8k ,29,23.3,,,,,,,,,11,4,-10,,4,,4,,11,2,4,,,,,-1,, $8k ,29,23.3,,,,,,,,,11,4,-10,,4,,4,,11,2,4,,,,,-1,
M. Taupau
BRI v MEL | MID
$395K  |  -$7k ( -$13k ), -$13k ,29,30,,,,,,,,,9,6,-4,,8,-2,,,14,,,-2,,,,,, -$13k ,29,30,,,,,,,,,9,6,-4,,8,-2,,,14,,,-2,,,,,, -$13k ,29,30,,,,,,,,,9,6,-4,,8,-2,,,14,,,-2,,,,,, -$13k ,29,30,,,,,,,,,9,6,-4,,8,-2,,,14,,,-2,,,,,, -$13k ,29,30,,,,,,,,,9,6,-4,,8,-2,,,14,,,-2,,,,,, -$13k ,29,30,,,,,,,,,9,6,-4,,8,-2,,,14,,,-2,,,,,, -$13k ,29,30,,,,,,,,,9,6,-4,,8,-2,,,14,,,-2,,,,,, -$13k ,29,30,,,,,,,,,9,6,-4,,8,-2,,,14,,,-2,,,,,, -$13k ,29,30,,,,,,,,,9,6,-4,,8,-2,,,14,,,-2,,,,,, -$13k ,29,30,,,,,,,,,9,6,-4,,8,-2,,,14,,,-2,,,,,, -$13k ,29,30,,,,,,,,,9,6,-4,,8,-2,,,14,,,-2,,,,,, -$13k ,29,30,,,,,,,,,9,6,-4,,8,-2,,,14,,,-2,,,,,, -$13k ,29,30,,,,,,,,,9,6,-4,,8,-2,,,14,,,-2,,,,,, -$13k ,29,30,,,,,,,,,9,6,-4,,8,-2,,,14,,,-2,,,,,, -$13k ,29,30,,,,,,,,,9,6,-4,,8,-2,,,14,,,-2,,,,,, -$13k ,29,30,,,,,,,,,9,6,-4,,8,-2,,,14,,,-2,,,,,, -$13k ,29,30,,,,,,,,,9,6,-4,,8,-2,,,14,,,-2,,,,,, -$13k ,29,30,,,,,,,,,9,6,-4,,8,-2,,,14,,,-2,,,,,, -$13k ,29,30,,,,,,,,,9,6,-4,,8,-2,,,14,,,-2,,,,,, -$13k ,29,30,,,,,,,,,9,6,-4,,8,-2,,,14,,,-2,,,,,, -$13k ,29,30,,,,,,,,,9,6,-4,,8,-2,,,14,,,-2,,,,,, -$13k ,29,30,,,,,,,,,9,6,-4,,8,-2,,,14,,,-2,,,,,, -$13k ,29,30,,,,,,,,,9,6,-4,,8,-2,,,14,,,-2,,,,,, -$13k ,29,30,,,,,,,,,9,6,-4,,8,-2,,,14,,,-2,,,,,, -$13k ,29,30,,,,,,,,,9,6,-4,,8,-2,,,14,,,-2,,,,,, -$13k ,29,30,,,,,,,,,9,6,-4,,8,-2,,,14,,,-2,,,,,, -$13k ,29,30,,,,,,,,,9,6,-4,,8,-2,,,14,,,-2,,,,,, -$13k ,29,30,,,,,,,,,9,6,-4,,8,-2,,,14,,,-2,,,,,, -$13k ,29,30,,,,,,,,,9,6,-4,,8,-2,,,14,,,-2,,,,,, -$13k ,29,30,,,,,,,,,9,6,-4,,8,-2,,,14,,,-2,,,,,, -$13k ,29,30,,,,,,,,,9,6,-4,,8,-2,,,14,,,-2,,,,,, -$13k ,29,30,,,,,,,,,9,6,-4,,8,-2,,,14,,,-2,,,,,, -$13k ,29,30,,,,,,,,,9,6,-4,,8,-2,,,14,,,-2,,,,,, -$13k ,29,30,,,,,,,,,9,6,-4,,8,-2,,,14,,,-2,,,,,, -$13k ,29,30,,,,,,,,,9,6,-4,,8,-2,,,14,,,-2,,,,,
T. Kamikamica
MEL @ BRI | MID
$344K  |  -$151k ( -$5k ), -$5k ,28,27.9,,,,,,,,,18,,,,,,,,12,,,,,,,-2,, -$5k ,28,27.9,,,,,,,,,18,,,,,,,,12,,,,,,,-2,, -$5k ,28,27.9,,,,,,,,,18,,,,,,,,12,,,,,,,-2,, -$5k ,28,27.9,,,,,,,,,18,,,,,,,,12,,,,,,,-2,, -$5k ,28,27.9,,,,,,,,,18,,,,,,,,12,,,,,,,-2,, -$5k ,28,27.9,,,,,,,,,18,,,,,,,,12,,,,,,,-2,, -$5k ,28,27.9,,,,,,,,,18,,,,,,,,12,,,,,,,-2,, -$5k ,28,27.9,,,,,,,,,18,,,,,,,,12,,,,,,,-2,, -$5k ,28,27.9,,,,,,,,,18,,,,,,,,12,,,,,,,-2,, -$5k ,28,27.9,,,,,,,,,18,,,,,,,,12,,,,,,,-2,, -$5k ,28,27.9,,,,,,,,,18,,,,,,,,12,,,,,,,-2,, -$5k ,28,27.9,,,,,,,,,18,,,,,,,,12,,,,,,,-2,, -$5k ,28,27.9,,,,,,,,,18,,,,,,,,12,,,,,,,-2,, -$5k ,28,27.9,,,,,,,,,18,,,,,,,,12,,,,,,,-2,, -$5k ,28,27.9,,,,,,,,,18,,,,,,,,12,,,,,,,-2,, -$5k ,28,27.9,,,,,,,,,18,,,,,,,,12,,,,,,,-2,, -$5k ,28,27.9,,,,,,,,,18,,,,,,,,12,,,,,,,-2,, -$5k ,28,27.9,,,,,,,,,18,,,,,,,,12,,,,,,,-2,, -$5k ,28,27.9,,,,,,,,,18,,,,,,,,12,,,,,,,-2,, -$5k ,28,27.9,,,,,,,,,18,,,,,,,,12,,,,,,,-2,, -$5k ,28,27.9,,,,,,,,,18,,,,,,,,12,,,,,,,-2,, -$5k ,28,27.9,,,,,,,,,18,,,,,,,,12,,,,,,,-2,, -$5k ,28,27.9,,,,,,,,,18,,,,,,,,12,,,,,,,-2,, -$5k ,28,27.9,,,,,,,,,18,,,,,,,,12,,,,,,,-2,, -$5k ,28,27.9,,,,,,,,,18,,,,,,,,12,,,,,,,-2,, -$5k ,28,27.9,,,,,,,,,18,,,,,,,,12,,,,,,,-2,, -$5k ,28,27.9,,,,,,,,,18,,,,,,,,12,,,,,,,-2,, -$5k ,28,27.9,,,,,,,,,18,,,,,,,,12,,,,,,,-2,, -$5k ,28,27.9,,,,,,,,,18,,,,,,,,12,,,,,,,-2,, -$5k ,28,27.9,,,,,,,,,18,,,,,,,,12,,,,,,,-2,, -$5k ,28,27.9,,,,,,,,,18,,,,,,,,12,,,,,,,-2,, -$5k ,28,27.9,,,,,,,,,18,,,,,,,,12,,,,,,,-2,, -$5k ,28,27.9,,,,,,,,,18,,,,,,,,12,,,,,,,-2,, -$5k ,28,27.9,,,,,,,,,18,,,,,,,,12,,,,,,,-2,, -$5k ,28,27.9,,,,,,,,,18,,,,,,,,12,,,,,,,-2,
B. Walters
BRI v MEL | HOK, HLF
$436K  |  -$18k ( -$8k ), -$8k ,25,31.9,,,,,,,,,23,2,-6,,,,,,5,1,,,,,,,, -$8k ,25,31.9,,,,,,,,,23,2,-6,,,,,,5,1,,,,,,,, -$8k ,25,31.9,,,,,,,,,23,2,-6,,,,,,5,1,,,,,,,, -$8k ,25,31.9,,,,,,,,,23,2,-6,,,,,,5,1,,,,,,,, -$8k ,25,31.9,,,,,,,,,23,2,-6,,,,,,5,1,,,,,,,, -$8k ,25,31.9,,,,,,,,,23,2,-6,,,,,,5,1,,,,,,,, -$8k ,25,31.9,,,,,,,,,23,2,-6,,,,,,5,1,,,,,,,, -$8k ,25,31.9,,,,,,,,,23,2,-6,,,,,,5,1,,,,,,,, -$8k ,25,31.9,,,,,,,,,23,2,-6,,,,,,5,1,,,,,,,, -$8k ,25,31.9,,,,,,,,,23,2,-6,,,,,,5,1,,,,,,,, -$8k ,25,31.9,,,,,,,,,23,2,-6,,,,,,5,1,,,,,,,, -$8k ,25,31.9,,,,,,,,,23,2,-6,,,,,,5,1,,,,,,,, -$8k ,25,31.9,,,,,,,,,23,2,-6,,,,,,5,1,,,,,,,, -$8k ,25,31.9,,,,,,,,,23,2,-6,,,,,,5,1,,,,,,,, -$8k ,25,31.9,,,,,,,,,23,2,-6,,,,,,5,1,,,,,,,, -$8k ,25,31.9,,,,,,,,,23,2,-6,,,,,,5,1,,,,,,,, -$8k ,25,31.9,,,,,,,,,23,2,-6,,,,,,5,1,,,,,,,, -$8k ,25,31.9,,,,,,,,,23,2,-6,,,,,,5,1,,,,,,,, -$8k ,25,31.9,,,,,,,,,23,2,-6,,,,,,5,1,,,,,,,, -$8k ,25,31.9,,,,,,,,,23,2,-6,,,,,,5,1,,,,,,,, -$8k ,25,31.9,,,,,,,,,23,2,-6,,,,,,5,1,,,,,,,, -$8k ,25,31.9,,,,,,,,,23,2,-6,,,,,,5,1,,,,,,,, -$8k ,25,31.9,,,,,,,,,23,2,-6,,,,,,5,1,,,,,,,, -$8k ,25,31.9,,,,,,,,,23,2,-6,,,,,,5,1,,,,,,,, -$8k ,25,31.9,,,,,,,,,23,2,-6,,,,,,5,1,,,,,,,, -$8k ,25,31.9,,,,,,,,,23,2,-6,,,,,,5,1,,,,,,,, -$8k ,25,31.9,,,,,,,,,23,2,-6,,,,,,5,1,,,,,,,, -$8k ,25,31.9,,,,,,,,,23,2,-6,,,,,,5,1,,,,,,,, -$8k ,25,31.9,,,,,,,,,23,2,-6,,,,,,5,1,,,,,,,, -$8k ,25,31.9,,,,,,,,,23,2,-6,,,,,,5,1,,,,,,,, -$8k ,25,31.9,,,,,,,,,23,2,-6,,,,,,5,1,,,,,,,, -$8k ,25,31.9,,,,,,,,,23,2,-6,,,,,,5,1,,,,,,,, -$8k ,25,31.9,,,,,,,,,23,2,-6,,,,,,5,1,,,,,,,, -$8k ,25,31.9,,,,,,,,,23,2,-6,,,,,,5,1,,,,,,,, -$8k ,25,31.9,,,,,,,,,23,2,-6,,,,,,5,1,,,,,,,
J. Arthars
BRI v MEL | CTR, WFB
$292K  |  -$52k ( $1k ), $1k ,24,25.9,,8,,,,,4,,7,2,-4,,,-4,4,,7,,,,,,,,, $1k ,24,25.9,,8,,,,,4,,7,2,-4,,,-4,4,,7,,,,,,,,, $1k ,24,25.9,,8,,,,,4,,7,2,-4,,,-4,4,,7,,,,,,,,, $1k ,24,25.9,,8,,,,,4,,7,2,-4,,,-4,4,,7,,,,,,,,, $1k ,24,25.9,,8,,,,,4,,7,2,-4,,,-4,4,,7,,,,,,,,, $1k ,24,25.9,,8,,,,,4,,7,2,-4,,,-4,4,,7,,,,,,,,, $1k ,24,25.9,,8,,,,,4,,7,2,-4,,,-4,4,,7,,,,,,,,, $1k ,24,25.9,,8,,,,,4,,7,2,-4,,,-4,4,,7,,,,,,,,, $1k ,24,25.9,,8,,,,,4,,7,2,-4,,,-4,4,,7,,,,,,,,, $1k ,24,25.9,,8,,,,,4,,7,2,-4,,,-4,4,,7,,,,,,,,, $1k ,24,25.9,,8,,,,,4,,7,2,-4,,,-4,4,,7,,,,,,,,, $1k ,24,25.9,,8,,,,,4,,7,2,-4,,,-4,4,,7,,,,,,,,, $1k ,24,25.9,,8,,,,,4,,7,2,-4,,,-4,4,,7,,,,,,,,, $1k ,24,25.9,,8,,,,,4,,7,2,-4,,,-4,4,,7,,,,,,,,, $1k ,24,25.9,,8,,,,,4,,7,2,-4,,,-4,4,,7,,,,,,,,, $1k ,24,25.9,,8,,,,,4,,7,2,-4,,,-4,4,,7,,,,,,,,, $1k ,24,25.9,,8,,,,,4,,7,2,-4,,,-4,4,,7,,,,,,,,, $1k ,24,25.9,,8,,,,,4,,7,2,-4,,,-4,4,,7,,,,,,,,, $1k ,24,25.9,,8,,,,,4,,7,2,-4,,,-4,4,,7,,,,,,,,, $1k ,24,25.9,,8,,,,,4,,7,2,-4,,,-4,4,,7,,,,,,,,, $1k ,24,25.9,,8,,,,,4,,7,2,-4,,,-4,4,,7,,,,,,,,, $1k ,24,25.9,,8,,,,,4,,7,2,-4,,,-4,4,,7,,,,,,,,, $1k ,24,25.9,,8,,,,,4,,7,2,-4,,,-4,4,,7,,,,,,,,, $1k ,24,25.9,,8,,,,,4,,7,2,-4,,,-4,4,,7,,,,,,,,, $1k ,24,25.9,,8,,,,,4,,7,2,-4,,,-4,4,,7,,,,,,,,, $1k ,24,25.9,,8,,,,,4,,7,2,-4,,,-4,4,,7,,,,,,,,, $1k ,24,25.9,,8,,,,,4,,7,2,-4,,,-4,4,,7,,,,,,,,, $1k ,24,25.9,,8,,,,,4,,7,2,-4,,,-4,4,,7,,,,,,,,, $1k ,24,25.9,,8,,,,,4,,7,2,-4,,,-4,4,,7,,,,,,,,, $1k ,24,25.9,,8,,,,,4,,7,2,-4,,,-4,4,,7,,,,,,,,, $1k ,24,25.9,,8,,,,,4,,7,2,-4,,,-4,4,,7,,,,,,,,, $1k ,24,25.9,,8,,,,,4,,7,2,-4,,,-4,4,,7,,,,,,,,, $1k ,24,25.9,,8,,,,,4,,7,2,-4,,,-4,4,,7,,,,,,,,, $1k ,24,25.9,,8,,,,,4,,7,2,-4,,,-4,4,,7,,,,,,,,, $1k ,24,25.9,,8,,,,,4,,7,2,-4,,,-4,4,,7,,,,,,,,
J. Howarth
MEL @ BRI | EDG, CTR
$465K  |  $165k ( -$9k ), -$9k ,23,31.8,,,,,,,,,8,6,-4,,4,-2,,,12,,,,,,,-1,, -$9k ,23,31.8,,,,,,,,,8,6,-4,,4,-2,,,12,,,,,,,-1,, -$9k ,23,31.8,,,,,,,,,8,6,-4,,4,-2,,,12,,,,,,,-1,, -$9k ,23,31.8,,,,,,,,,8,6,-4,,4,-2,,,12,,,,,,,-1,, -$9k ,23,31.8,,,,,,,,,8,6,-4,,4,-2,,,12,,,,,,,-1,, -$9k ,23,31.8,,,,,,,,,8,6,-4,,4,-2,,,12,,,,,,,-1,, -$9k ,23,31.8,,,,,,,,,8,6,-4,,4,-2,,,12,,,,,,,-1,, -$9k ,23,31.8,,,,,,,,,8,6,-4,,4,-2,,,12,,,,,,,-1,, -$9k ,23,31.8,,,,,,,,,8,6,-4,,4,-2,,,12,,,,,,,-1,, -$9k ,23,31.8,,,,,,,,,8,6,-4,,4,-2,,,12,,,,,,,-1,, -$9k ,23,31.8,,,,,,,,,8,6,-4,,4,-2,,,12,,,,,,,-1,, -$9k ,23,31.8,,,,,,,,,8,6,-4,,4,-2,,,12,,,,,,,-1,, -$9k ,23,31.8,,,,,,,,,8,6,-4,,4,-2,,,12,,,,,,,-1,, -$9k ,23,31.8,,,,,,,,,8,6,-4,,4,-2,,,12,,,,,,,-1,, -$9k ,23,31.8,,,,,,,,,8,6,-4,,4,-2,,,12,,,,,,,-1,, -$9k ,23,31.8,,,,,,,,,8,6,-4,,4,-2,,,12,,,,,,,-1,, -$9k ,23,31.8,,,,,,,,,8,6,-4,,4,-2,,,12,,,,,,,-1,, -$9k ,23,31.8,,,,,,,,,8,6,-4,,4,-2,,,12,,,,,,,-1,, -$9k ,23,31.8,,,,,,,,,8,6,-4,,4,-2,,,12,,,,,,,-1,, -$9k ,23,31.8,,,,,,,,,8,6,-4,,4,-2,,,12,,,,,,,-1,, -$9k ,23,31.8,,,,,,,,,8,6,-4,,4,-2,,,12,,,,,,,-1,, -$9k ,23,31.8,,,,,,,,,8,6,-4,,4,-2,,,12,,,,,,,-1,, -$9k ,23,31.8,,,,,,,,,8,6,-4,,4,-2,,,12,,,,,,,-1,, -$9k ,23,31.8,,,,,,,,,8,6,-4,,4,-2,,,12,,,,,,,-1,, -$9k ,23,31.8,,,,,,,,,8,6,-4,,4,-2,,,12,,,,,,,-1,, -$9k ,23,31.8,,,,,,,,,8,6,-4,,4,-2,,,12,,,,,,,-1,, -$9k ,23,31.8,,,,,,,,,8,6,-4,,4,-2,,,12,,,,,,,-1,, -$9k ,23,31.8,,,,,,,,,8,6,-4,,4,-2,,,12,,,,,,,-1,, -$9k ,23,31.8,,,,,,,,,8,6,-4,,4,-2,,,12,,,,,,,-1,, -$9k ,23,31.8,,,,,,,,,8,6,-4,,4,-2,,,12,,,,,,,-1,, -$9k ,23,31.8,,,,,,,,,8,6,-4,,4,-2,,,12,,,,,,,-1,, -$9k ,23,31.8,,,,,,,,,8,6,-4,,4,-2,,,12,,,,,,,-1,, -$9k ,23,31.8,,,,,,,,,8,6,-4,,4,-2,,,12,,,,,,,-1,, -$9k ,23,31.8,,,,,,,,,8,6,-4,,4,-2,,,12,,,,,,,-1,, -$9k ,23,31.8,,,,,,,,,8,6,-4,,4,-2,,,12,,,,,,,-1,
L. Vaalepu
MEL @ BRI | MID
$277K  |  $47k ( $31k ), $31k ,23,21.8,,,,,,,,,16,2,,,,,,,5,,,,,,,,, $31k ,23,21.8,,,,,,,,,16,2,,,,,,,5,,,,,,,,, $31k ,23,21.8,,,,,,,,,16,2,,,,,,,5,,,,,,,,, $31k ,23,21.8,,,,,,,,,16,2,,,,,,,5,,,,,,,,, $31k ,23,21.8,,,,,,,,,16,2,,,,,,,5,,,,,,,,, $31k ,23,21.8,,,,,,,,,16,2,,,,,,,5,,,,,,,,, $31k ,23,21.8,,,,,,,,,16,2,,,,,,,5,,,,,,,,, $31k ,23,21.8,,,,,,,,,16,2,,,,,,,5,,,,,,,,, $31k ,23,21.8,,,,,,,,,16,2,,,,,,,5,,,,,,,,, $31k ,23,21.8,,,,,,,,,16,2,,,,,,,5,,,,,,,,, $31k ,23,21.8,,,,,,,,,16,2,,,,,,,5,,,,,,,,, $31k ,23,21.8,,,,,,,,,16,2,,,,,,,5,,,,,,,,, $31k ,23,21.8,,,,,,,,,16,2,,,,,,,5,,,,,,,,, $31k ,23,21.8,,,,,,,,,16,2,,,,,,,5,,,,,,,,, $31k ,23,21.8,,,,,,,,,16,2,,,,,,,5,,,,,,,,, $31k ,23,21.8,,,,,,,,,16,2,,,,,,,5,,,,,,,,, $31k ,23,21.8,,,,,,,,,16,2,,,,,,,5,,,,,,,,, $31k ,23,21.8,,,,,,,,,16,2,,,,,,,5,,,,,,,,, $31k ,23,21.8,,,,,,,,,16,2,,,,,,,5,,,,,,,,, $31k ,23,21.8,,,,,,,,,16,2,,,,,,,5,,,,,,,,, $31k ,23,21.8,,,,,,,,,16,2,,,,,,,5,,,,,,,,, $31k ,23,21.8,,,,,,,,,16,2,,,,,,,5,,,,,,,,, $31k ,23,21.8,,,,,,,,,16,2,,,,,,,5,,,,,,,,, $31k ,23,21.8,,,,,,,,,16,2,,,,,,,5,,,,,,,,, $31k ,23,21.8,,,,,,,,,16,2,,,,,,,5,,,,,,,,, $31k ,23,21.8,,,,,,,,,16,2,,,,,,,5,,,,,,,,, $31k ,23,21.8,,,,,,,,,16,2,,,,,,,5,,,,,,,,, $31k ,23,21.8,,,,,,,,,16,2,,,,,,,5,,,,,,,,, $31k ,23,21.8,,,,,,,,,16,2,,,,,,,5,,,,,,,,, $31k ,23,21.8,,,,,,,,,16,2,,,,,,,5,,,,,,,,, $31k ,23,21.8,,,,,,,,,16,2,,,,,,,5,,,,,,,,, $31k ,23,21.8,,,,,,,,,16,2,,,,,,,5,,,,,,,,, $31k ,23,21.8,,,,,,,,,16,2,,,,,,,5,,,,,,,,, $31k ,23,21.8,,,,,,,,,16,2,,,,,,,5,,,,,,,,, $31k ,23,21.8,,,,,,,,,16,2,,,,,,,5,,,,,,,,
F. Baker
BRI v MEL | MID
$393K  |  $33k ( -$25k ), -$25k ,17,29.8,,,,,,,,,21,,-8,,,,,,4,,,,,,,,, -$25k ,17,29.8,,,,,,,,,21,,-8,,,,,,4,,,,,,,,, -$25k ,17,29.8,,,,,,,,,21,,-8,,,,,,4,,,,,,,,, -$25k ,17,29.8,,,,,,,,,21,,-8,,,,,,4,,,,,,,,, -$25k ,17,29.8,,,,,,,,,21,,-8,,,,,,4,,,,,,,,, -$25k ,17,29.8,,,,,,,,,21,,-8,,,,,,4,,,,,,,,, -$25k ,17,29.8,,,,,,,,,21,,-8,,,,,,4,,,,,,,,, -$25k ,17,29.8,,,,,,,,,21,,-8,,,,,,4,,,,,,,,, -$25k ,17,29.8,,,,,,,,,21,,-8,,,,,,4,,,,,,,,, -$25k ,17,29.8,,,,,,,,,21,,-8,,,,,,4,,,,,,,,, -$25k ,17,29.8,,,,,,,,,21,,-8,,,,,,4,,,,,,,,, -$25k ,17,29.8,,,,,,,,,21,,-8,,,,,,4,,,,,,,,, -$25k ,17,29.8,,,,,,,,,21,,-8,,,,,,4,,,,,,,,, -$25k ,17,29.8,,,,,,,,,21,,-8,,,,,,4,,,,,,,,, -$25k ,17,29.8,,,,,,,,,21,,-8,,,,,,4,,,,,,,,, -$25k ,17,29.8,,,,,,,,,21,,-8,,,,,,4,,,,,,,,, -$25k ,17,29.8,,,,,,,,,21,,-8,,,,,,4,,,,,,,,, -$25k ,17,29.8,,,,,,,,,21,,-8,,,,,,4,,,,,,,,, -$25k ,17,29.8,,,,,,,,,21,,-8,,,,,,4,,,,,,,,, -$25k ,17,29.8,,,,,,,,,21,,-8,,,,,,4,,,,,,,,, -$25k ,17,29.8,,,,,,,,,21,,-8,,,,,,4,,,,,,,,, -$25k ,17,29.8,,,,,,,,,21,,-8,,,,,,4,,,,,,,,, -$25k ,17,29.8,,,,,,,,,21,,-8,,,,,,4,,,,,,,,, -$25k ,17,29.8,,,,,,,,,21,,-8,,,,,,4,,,,,,,,, -$25k ,17,29.8,,,,,,,,,21,,-8,,,,,,4,,,,,,,,, -$25k ,17,29.8,,,,,,,,,21,,-8,,,,,,4,,,,,,,,, -$25k ,17,29.8,,,,,,,,,21,,-8,,,,,,4,,,,,,,,, -$25k ,17,29.8,,,,,,,,,21,,-8,,,,,,4,,,,,,,,, -$25k ,17,29.8,,,,,,,,,21,,-8,,,,,,4,,,,,,,,, -$25k ,17,29.8,,,,,,,,,21,,-8,,,,,,4,,,,,,,,, -$25k ,17,29.8,,,,,,,,,21,,-8,,,,,,4,,,,,,,,, -$25k ,17,29.8,,,,,,,,,21,,-8,,,,,,4,,,,,,,,, -$25k ,17,29.8,,,,,,,,,21,,-8,,,,,,4,,,,,,,,, -$25k ,17,29.8,,,,,,,,,21,,-8,,,,,,4,,,,,,,,, -$25k ,17,29.8,,,,,,,,,21,,-8,,,,,,4,,,,,,,,
B. Te Kura
BRI v MEL | MID
$265K  |  $35k ( -$1k ), -$1k ,9,21.7,,,,,,,,,11,,-2,,,,,,3,,,-2,,,,-1,, -$1k ,9,21.7,,,,,,,,,11,,-2,,,,,,3,,,-2,,,,-1,, -$1k ,9,21.7,,,,,,,,,11,,-2,,,,,,3,,,-2,,,,-1,, -$1k ,9,21.7,,,,,,,,,11,,-2,,,,,,3,,,-2,,,,-1,, -$1k ,9,21.7,,,,,,,,,11,,-2,,,,,,3,,,-2,,,,-1,, -$1k ,9,21.7,,,,,,,,,11,,-2,,,,,,3,,,-2,,,,-1,, -$1k ,9,21.7,,,,,,,,,11,,-2,,,,,,3,,,-2,,,,-1,, -$1k ,9,21.7,,,,,,,,,11,,-2,,,,,,3,,,-2,,,,-1,, -$1k ,9,21.7,,,,,,,,,11,,-2,,,,,,3,,,-2,,,,-1,, -$1k ,9,21.7,,,,,,,,,11,,-2,,,,,,3,,,-2,,,,-1,, -$1k ,9,21.7,,,,,,,,,11,,-2,,,,,,3,,,-2,,,,-1,, -$1k ,9,21.7,,,,,,,,,11,,-2,,,,,,3,,,-2,,,,-1,, -$1k ,9,21.7,,,,,,,,,11,,-2,,,,,,3,,,-2,,,,-1,, -$1k ,9,21.7,,,,,,,,,11,,-2,,,,,,3,,,-2,,,,-1,, -$1k ,9,21.7,,,,,,,,,11,,-2,,,,,,3,,,-2,,,,-1,, -$1k ,9,21.7,,,,,,,,,11,,-2,,,,,,3,,,-2,,,,-1,, -$1k ,9,21.7,,,,,,,,,11,,-2,,,,,,3,,,-2,,,,-1,, -$1k ,9,21.7,,,,,,,,,11,,-2,,,,,,3,,,-2,,,,-1,, -$1k ,9,21.7,,,,,,,,,11,,-2,,,,,,3,,,-2,,,,-1,, -$1k ,9,21.7,,,,,,,,,11,,-2,,,,,,3,,,-2,,,,-1,, -$1k ,9,21.7,,,,,,,,,11,,-2,,,,,,3,,,-2,,,,-1,, -$1k ,9,21.7,,,,,,,,,11,,-2,,,,,,3,,,-2,,,,-1,, -$1k ,9,21.7,,,,,,,,,11,,-2,,,,,,3,,,-2,,,,-1,, -$1k ,9,21.7,,,,,,,,,11,,-2,,,,,,3,,,-2,,,,-1,, -$1k ,9,21.7,,,,,,,,,11,,-2,,,,,,3,,,-2,,,,-1,, -$1k ,9,21.7,,,,,,,,,11,,-2,,,,,,3,,,-2,,,,-1,, -$1k ,9,21.7,,,,,,,,,11,,-2,,,,,,3,,,-2,,,,-1,, -$1k ,9,21.7,,,,,,,,,11,,-2,,,,,,3,,,-2,,,,-1,, -$1k ,9,21.7,,,,,,,,,11,,-2,,,,,,3,,,-2,,,,-1,, -$1k ,9,21.7,,,,,,,,,11,,-2,,,,,,3,,,-2,,,,-1,, -$1k ,9,21.7,,,,,,,,,11,,-2,,,,,,3,,,-2,,,,-1,, -$1k ,9,21.7,,,,,,,,,11,,-2,,,,,,3,,,-2,,,,-1,, -$1k ,9,21.7,,,,,,,,,11,,-2,,,,,,3,,,-2,,,,-1,, -$1k ,9,21.7,,,,,,,,,11,,-2,,,,,,3,,,-2,,,,-1,, -$1k ,9,21.7,,,,,,,,,11,,-2,,,,,,3,,,-2,,,,-1,
C. Oates
BRI v MEL | WFB
$230K  |  -$206k ( -$19k ), -$19k ,7,19.7,,,,,,,,,5,,-4,,,-4,,,9,,1,,,,,,, -$19k ,7,19.7,,,,,,,,,5,,-4,,,-4,,,9,,1,,,,,,, -$19k ,7,19.7,,,,,,,,,5,,-4,,,-4,,,9,,1,,,,,,, -$19k ,7,19.7,,,,,,,,,5,,-4,,,-4,,,9,,1,,,,,,, -$19k ,7,19.7,,,,,,,,,5,,-4,,,-4,,,9,,1,,,,,,, -$19k ,7,19.7,,,,,,,,,5,,-4,,,-4,,,9,,1,,,,,,, -$19k ,7,19.7,,,,,,,,,5,,-4,,,-4,,,9,,1,,,,,,, -$19k ,7,19.7,,,,,,,,,5,,-4,,,-4,,,9,,1,,,,,,, -$19k ,7,19.7,,,,,,,,,5,,-4,,,-4,,,9,,1,,,,,,, -$19k ,7,19.7,,,,,,,,,5,,-4,,,-4,,,9,,1,,,,,,, -$19k ,7,19.7,,,,,,,,,5,,-4,,,-4,,,9,,1,,,,,,, -$19k ,7,19.7,,,,,,,,,5,,-4,,,-4,,,9,,1,,,,,,, -$19k ,7,19.7,,,,,,,,,5,,-4,,,-4,,,9,,1,,,,,,, -$19k ,7,19.7,,,,,,,,,5,,-4,,,-4,,,9,,1,,,,,,, -$19k ,7,19.7,,,,,,,,,5,,-4,,,-4,,,9,,1,,,,,,, -$19k ,7,19.7,,,,,,,,,5,,-4,,,-4,,,9,,1,,,,,,, -$19k ,7,19.7,,,,,,,,,5,,-4,,,-4,,,9,,1,,,,,,, -$19k ,7,19.7,,,,,,,,,5,,-4,,,-4,,,9,,1,,,,,,, -$19k ,7,19.7,,,,,,,,,5,,-4,,,-4,,,9,,1,,,,,,, -$19k ,7,19.7,,,,,,,,,5,,-4,,,-4,,,9,,1,,,,,,, -$19k ,7,19.7,,,,,,,,,5,,-4,,,-4,,,9,,1,,,,,,, -$19k ,7,19.7,,,,,,,,,5,,-4,,,-4,,,9,,1,,,,,,, -$19k ,7,19.7,,,,,,,,,5,,-4,,,-4,,,9,,1,,,,,,, -$19k ,7,19.7,,,,,,,,,5,,-4,,,-4,,,9,,1,,,,,,, -$19k ,7,19.7,,,,,,,,,5,,-4,,,-4,,,9,,1,,,,,,, -$19k ,7,19.7,,,,,,,,,5,,-4,,,-4,,,9,,1,,,,,,, -$19k ,7,19.7,,,,,,,,,5,,-4,,,-4,,,9,,1,,,,,,, -$19k ,7,19.7,,,,,,,,,5,,-4,,,-4,,,9,,1,,,,,,, -$19k ,7,19.7,,,,,,,,,5,,-4,,,-4,,,9,,1,,,,,,, -$19k ,7,19.7,,,,,,,,,5,,-4,,,-4,,,9,,1,,,,,,, -$19k ,7,19.7,,,,,,,,,5,,-4,,,-4,,,9,,1,,,,,,, -$19k ,7,19.7,,,,,,,,,5,,-4,,,-4,,,9,,1,,,,,,, -$19k ,7,19.7,,,,,,,,,5,,-4,,,-4,,,9,,1,,,,,,, -$19k ,7,19.7,,,,,,,,,5,,-4,,,-4,,,9,,1,,,,,,, -$19k ,7,19.7,,,,,,,,,5,,-4,,,-4,,,9,,1,,,,,,